FECHA HECHO;COD_DEPTO;DEPARTAMENTO;COD_MUNI;MUNICIPIO;CANTIDAD
2/01/2003;76;VALLE DEL CAUCA;76001;CALI;1
3/01/2003;11;BOGOTÁ D.C.;11001;BOGOTA, D.C.;1
7/01/2003;76;VALLE DEL CAUCA;76520;PALMIRA;1
9/01/2003;5;ANTIOQUIA;5001;MEDELLIN;1
10/01/2003;8;ATLÁNTICO;8001;BARRANQUILLA;1
10/01/2003;11;BOGOTÁ D.C.;11001;BOGOTA, D.C.;1
11/01/2003;76;VALLE DEL CAUCA;76147;CARTAGO;1
15/01/2003;76;VALLE DEL CAUCA;76001;CALI;1
15/01/2003;76;VALLE DEL CAUCA;76122;CAICEDONIA;1
17/01/2003;13;BOLÍVAR;13001;CARTAGENA;1
21/01/2003;8;ATLÁNTICO;8001;BARRANQUILLA;1
21/01/2003;68;SANTANDER;68081;BARRANCABERMEJA;1
22/01/2003;76;VALLE DEL CAUCA;76001;CALI;1
23/01/2003;11;BOGOTÁ D.C.;11001;BOGOTA, D.C.;1
29/01/2003;5;ANTIOQUIA;5001;MEDELLIN;1
29/01/2003;11;BOGOTÁ D.C.;11001;BOGOTA, D.C.;1
1/02/2003;15;BOYACÁ;15646;SAMACA;1
4/02/2003;11;BOGOTÁ D.C.;11001;BOGOTA, D.C.;1
6/02/2003;11;BOGOTÁ D.C.;11001;BOGOTA, D.C.;1
7/02/2003;5;ANTIOQUIA;5631;SABANETA;1
7/02/2003;11;BOGOTÁ D.C.;11001;BOGOTA, D.C.;1
10/02/2003;13;BOLÍVAR;13001;CARTAGENA;1
11/02/2003;11;BOGOTÁ D.C.;11001;BOGOTA, D.C.;1
14/02/2003;8;ATLÁNTICO;8001;BARRANQUILLA;1
14/02/2003;11;BOGOTÁ D.C.;11001;BOGOTA, D.C.;1
14/02/2003;76;VALLE DEL CAUCA;76001;CALI;1
15/02/2003;52;NARIÑO;52001;PASTO;1
17/02/2003;47;MAGDALENA;47189;CIENAGA;1
19/02/2003;11;BOGOTÁ D.C.;11001;BOGOTA, D.C.;1
20/02/2003;11;BOGOTÁ D.C.;11001;BOGOTA, D.C.;2
20/02/2003;70;SUCRE;70215;COROZAL;1
21/02/2003;5;ANTIOQUIA;5001;MEDELLIN;1
21/02/2003;44;LA GUAJIRA;44001;RIOHACHA;1
21/02/2003;76;VALLE DEL CAUCA;76001;CALI;1
26/02/2003;13;BOLÍVAR;13001;CARTAGENA;1
27/02/2003;44;LA GUAJIRA;44001;RIOHACHA;1
3/03/2003;13;BOLÍVAR;13001;CARTAGENA;1
4/03/2003;76;VALLE DEL CAUCA;76001;CALI;1
5/03/2003;17;CALDAS;17001;MANIZALES;1
5/03/2003;41;HUILA;41001;NEIVA;1
6/03/2003;11;BOGOTÁ D.C.;11001;BOGOTA, D.C.;1
7/03/2003;11;BOGOTÁ D.C.;11001;BOGOTA, D.C.;1
7/03/2003;13;BOLÍVAR;13670;SAN PABLO;2
9/03/2003;50;META;50001;VILLAVICENCIO;1
12/03/2003;8;ATLÁNTICO;8001;BARRANQUILLA;1
13/03/2003;5;ANTIOQUIA;5001;MEDELLIN;1
14/03/2003;11;BOGOTÁ D.C.;11001;BOGOTA, D.C.;1
15/03/2003;5;ANTIOQUIA;5001;MEDELLIN;1
17/03/2003;8;ATLÁNTICO;8001;BARRANQUILLA;1
17/03/2003;13;BOLÍVAR;13001;CARTAGENA;1
18/03/2003;8;ATLÁNTICO;8001;BARRANQUILLA;1
19/03/2003;8;ATLÁNTICO;8001;BARRANQUILLA;1
20/03/2003;5;ANTIOQUIA;5001;MEDELLIN;1
20/03/2003;66;RISARALDA;66682;SANTA ROSA DE CABAL;1
20/03/2003;76;VALLE DEL CAUCA;76001;CALI;1
20/03/2003;76;VALLE DEL CAUCA;76622;ROLDANILLO;1
24/03/2003;5;ANTIOQUIA;5001;MEDELLIN;1
24/03/2003;15;BOYACÁ;15176;CHIQUINQUIRA;1
31/03/2003;76;VALLE DEL CAUCA;76001;CALI;1
1/04/2003;11;BOGOTÁ D.C.;11001;BOGOTA, D.C.;1
3/04/2003;8;ATLÁNTICO;8001;BARRANQUILLA;1
3/04/2003;13;BOLÍVAR;13001;CARTAGENA;1
10/04/2003;44;LA GUAJIRA;44001;RIOHACHA;1
11/04/2003;8;ATLÁNTICO;8001;BARRANQUILLA;1
12/04/2003;11;BOGOTÁ D.C.;11001;BOGOTA, D.C.;1
12/04/2003;47;MAGDALENA;47001;SANTA MARTA;1
16/04/2003;85;CASANARE;85162;MONTERREY;1
21/04/2003;5;ANTIOQUIA;5001;MEDELLIN;1
21/04/2003;11;BOGOTÁ D.C.;11001;BOGOTA, D.C.;1
24/04/2003;8;ATLÁNTICO;8001;BARRANQUILLA;1
3/05/2003;66;RISARALDA;66682;SANTA ROSA DE CABAL;1
8/05/2003;76;VALLE DEL CAUCA;76001;CALI;1
9/05/2003;8;ATLÁNTICO;8001;BARRANQUILLA;1
14/05/2003;8;ATLÁNTICO;8001;BARRANQUILLA;1
14/05/2003;20;CESAR;20001;VALLEDUPAR;1
15/05/2003;13;BOLÍVAR;13001;CARTAGENA;1
18/05/2003;25;CUNDINAMARCA;25899;ZIPAQUIRA;1
21/05/2003;19;CAUCA;19743;SILVIA;1
23/05/2003;76;VALLE DEL CAUCA;76147;CARTAGO;1
24/05/2003;41;HUILA;41396;LA PLATA;1
27/05/2003;8;ATLÁNTICO;8001;BARRANQUILLA;1
30/05/2003;76;VALLE DEL CAUCA;76001;CALI;1
3/06/2003;5;ANTIOQUIA;5001;MEDELLIN;1
4/06/2003;68;SANTANDER;68001;BUCARAMANGA;1
6/06/2003;8;ATLÁNTICO;8001;BARRANQUILLA;1
6/06/2003;66;RISARALDA;66001;PEREIRA;1
6/06/2003;76;VALLE DEL CAUCA;76001;CALI;1
12/06/2003;17;CALDAS;17001;MANIZALES;1
13/06/2003;5;ANTIOQUIA;5001;MEDELLIN;1
13/06/2003;8;ATLÁNTICO;8001;BARRANQUILLA;1
18/06/2003;50;META;50001;VILLAVICENCIO;1
20/06/2003;13;BOLÍVAR;13001;CARTAGENA;1
20/06/2003;76;VALLE DEL CAUCA;76001;CALI;1
26/06/2003;66;RISARALDA;66001;PEREIRA;1
1/07/2003;25;CUNDINAMARCA;25175;CHIA;1
1/07/2003;76;VALLE DEL CAUCA;76001;CALI;1
4/07/2003;5;ANTIOQUIA;5001;MEDELLIN;1
4/07/2003;8;ATLÁNTICO;8001;BARRANQUILLA;1
5/07/2003;73;TOLIMA;73001;IBAGUE;1
8/07/2003;8;ATLÁNTICO;8001;BARRANQUILLA;1
11/07/2003;5;ANTIOQUIA;5001;MEDELLIN;1
11/07/2003;8;ATLÁNTICO;8001;BARRANQUILLA;1
16/07/2003;8;ATLÁNTICO;8001;BARRANQUILLA;1
21/07/2003;11;BOGOTÁ D.C.;11001;BOGOTA, D.C.;1
21/07/2003;47;MAGDALENA;47001;SANTA MARTA;1
22/07/2003;52;NARIÑO;52001;PASTO;1
25/07/2003;5;ANTIOQUIA;5001;MEDELLIN;1
25/07/2003;8;ATLÁNTICO;8001;BARRANQUILLA;1
28/07/2003;5;ANTIOQUIA;5001;MEDELLIN;1
29/07/2003;8;ATLÁNTICO;8001;BARRANQUILLA;1
29/07/2003;13;BOLÍVAR;13001;CARTAGENA;1
30/07/2003;52;NARIÑO;52838;TUQUERRES;1
1/08/2003;11;BOGOTÁ D.C.;11001;BOGOTA, D.C.;1
8/08/2003;8;ATLÁNTICO;8001;BARRANQUILLA;1
8/08/2003;11;BOGOTÁ D.C.;11001;BOGOTA, D.C.;1
8/08/2003;54;NORTE DE SANTANDER;54001;CUCUTA;1
11/08/2003;5;ANTIOQUIA;5001;MEDELLIN;1
15/08/2003;73;TOLIMA;73275;FLANDES;1
16/08/2003;54;NORTE DE SANTANDER;54001;CUCUTA;1
19/08/2003;76;VALLE DEL CAUCA;76001;CALI;1
20/08/2003;11;BOGOTÁ D.C.;11001;BOGOTA, D.C.;1
21/08/2003;73;TOLIMA;73001;IBAGUE;1
27/08/2003;8;ATLÁNTICO;8001;BARRANQUILLA;1
28/08/2003;68;SANTANDER;68081;BARRANCABERMEJA;1
2/09/2003;8;ATLÁNTICO;8638;SABANALARGA;1
3/09/2003;54;NORTE DE SANTANDER;54001;CUCUTA;1
6/09/2003;5;ANTIOQUIA;5045;APARTADO;1
10/09/2003;76;VALLE DEL CAUCA;76001;CALI;1
11/09/2003;81;ARAUCA;81001;ARAUCA;1
12/09/2003;8;ATLÁNTICO;8001;BARRANQUILLA;1
17/09/2003;11;BOGOTÁ D.C.;11001;BOGOTA, D.C.;1
18/09/2003;68;SANTANDER;68001;BUCARAMANGA;1
19/09/2003;5;ANTIOQUIA;5001;MEDELLIN;1
19/09/2003;13;BOLÍVAR;13001;CARTAGENA;1
22/09/2003;19;CAUCA;19001;POPAYAN;1
22/09/2003;73;TOLIMA;73026;ALVARADO;1
23/09/2003;5;ANTIOQUIA;5001;MEDELLIN;2
25/09/2003;11;BOGOTÁ D.C.;11001;BOGOTA, D.C.;1
30/09/2003;15;BOYACÁ;15001;TUNJA;1
1/10/2003;8;ATLÁNTICO;8001;BARRANQUILLA;1
2/10/2003;13;BOLÍVAR;13001;CARTAGENA;1
3/10/2003;8;ATLÁNTICO;8001;BARRANQUILLA;1
10/10/2003;19;CAUCA;19001;POPAYAN;1
20/10/2003;8;ATLÁNTICO;8001;BARRANQUILLA;1
20/10/2003;11;BOGOTÁ D.C.;11001;BOGOTA, D.C.;1
24/10/2003;76;VALLE DEL CAUCA;76001;CALI;1
29/10/2003;8;ATLÁNTICO;8001;BARRANQUILLA;1
29/10/2003;76;VALLE DEL CAUCA;76001;CALI;1
30/10/2003;8;ATLÁNTICO;8001;BARRANQUILLA;1
30/10/2003;50;META;50001;VILLAVICENCIO;1
4/11/2003;8;ATLÁNTICO;8001;BARRANQUILLA;1
14/11/2003;5;ANTIOQUIA;5038;ANGOSTURA;1
14/11/2003;8;ATLÁNTICO;8001;BARRANQUILLA;1
15/11/2003;11;BOGOTÁ D.C.;11001;BOGOTA, D.C.;1
15/11/2003;41;HUILA;41001;NEIVA;1
15/11/2003;76;VALLE DEL CAUCA;76823;TORO;1
19/11/2003;8;ATLÁNTICO;8001;BARRANQUILLA;2
19/11/2003;41;HUILA;41668;SAN AGUSTIN;1
20/11/2003;13;BOLÍVAR;13001;CARTAGENA;1
22/11/2003;8;ATLÁNTICO;8001;BARRANQUILLA;1
22/11/2003;76;VALLE DEL CAUCA;76001;CALI;1
1/12/2003;41;HUILA;41298;GARZON;1
2/12/2003;8;ATLÁNTICO;8001;BARRANQUILLA;1
10/12/2003;5;ANTIOQUIA;5001;MEDELLIN;1
10/12/2003;76;VALLE DEL CAUCA;76001;CALI;1
11/12/2003;20;CESAR;20621;LA PAZ;1
15/12/2003;76;VALLE DEL CAUCA;76001;CALI;1
23/12/2003;8;ATLÁNTICO;8078;BARANOA;1
23/12/2003;13;BOLÍVAR;13001;CARTAGENA;1
26/12/2003;5;ANTIOQUIA;5315;GUADALUPE;1
29/12/2003;68;SANTANDER;68081;BARRANCABERMEJA;1
30/12/2003;68;SANTANDER;68861;VELEZ;1
4/01/2004;17;CALDAS;17001;MANIZALES;1
15/01/2004;11;BOGOTÁ D.C.;11001;BOGOTA, D.C.;1
23/01/2004;76;VALLE DEL CAUCA;76001;CALI;1
24/01/2004;5;ANTIOQUIA;5001;MEDELLIN;1
27/01/2004;76;VALLE DEL CAUCA;76497;OBANDO;1
29/01/2004;76;VALLE DEL CAUCA;76130;CANDELARIA;1
2/02/2004;8;ATLÁNTICO;8001;BARRANQUILLA;1
4/02/2004;19;CAUCA;19573;PUERTO TEJADA;1
6/02/2004;5;ANTIOQUIA;5001;MEDELLIN;1
10/02/2004;13;BOLÍVAR;13001;CARTAGENA;1
10/02/2004;66;RISARALDA;66170;DOSQUEBRADAS;1
17/02/2004;8;ATLÁNTICO;8001;BARRANQUILLA;1
19/02/2004;15;BOYACÁ;15837;TUTA;1
21/02/2004;70;SUCRE;70001;SINCELEJO;1
23/02/2004;5;ANTIOQUIA;5001;MEDELLIN;1
27/02/2004;8;ATLÁNTICO;8001;BARRANQUILLA;1
12/03/2004;47;MAGDALENA;47001;SANTA MARTA;1
16/03/2004;15;BOYACÁ;15835;TURMEQUE;1
20/03/2004;19;CAUCA;19001;POPAYAN;1
28/03/2004;5;ANTIOQUIA;5001;MEDELLIN;1
31/03/2004;8;ATLÁNTICO;8001;BARRANQUILLA;1
12/04/2004;47;MAGDALENA;47170;CHIBOLO;1
16/04/2004;8;ATLÁNTICO;8001;BARRANQUILLA;1
28/04/2004;76;VALLE DEL CAUCA;76001;CALI;1
29/04/2004;5;ANTIOQUIA;5001;MEDELLIN;1
29/04/2004;19;CAUCA;19212;CORINTO;1
30/04/2004;8;ATLÁNTICO;8001;BARRANQUILLA;1
3/05/2004;8;ATLÁNTICO;8001;BARRANQUILLA;1
5/05/2004;8;ATLÁNTICO;8001;BARRANQUILLA;1
13/05/2004;70;SUCRE;70001;SINCELEJO;1
14/05/2004;8;ATLÁNTICO;8001;BARRANQUILLA;1
21/05/2004;68;SANTANDER;68001;BUCARAMANGA;1
23/05/2004;52;NARIÑO;52001;PASTO;1
1/06/2004;8;ATLÁNTICO;8001;BARRANQUILLA;1
4/06/2004;68;SANTANDER;68001;BUCARAMANGA;1
9/06/2004;81;ARAUCA;81001;ARAUCA;1
10/06/2004;8;ATLÁNTICO;8001;BARRANQUILLA;1
11/06/2004;5;ANTIOQUIA;5266;ENVIGADO;1
11/06/2004;8;ATLÁNTICO;8001;BARRANQUILLA;1
15/06/2004;8;ATLÁNTICO;8001;BARRANQUILLA;1
16/06/2004;5;ANTIOQUIA;5001;MEDELLIN;1
16/06/2004;76;VALLE DEL CAUCA;76001;CALI;1
25/06/2004;5;ANTIOQUIA;5001;MEDELLIN;1
25/06/2004;8;ATLÁNTICO;8001;BARRANQUILLA;1
26/06/2004;76;VALLE DEL CAUCA;76001;CALI;1
29/06/2004;8;ATLÁNTICO;8638;SABANALARGA;1
1/07/2004;8;ATLÁNTICO;8001;BARRANQUILLA;1
2/07/2004;5;ANTIOQUIA;5001;MEDELLIN;1
2/07/2004;11;BOGOTÁ D.C.;11001;BOGOTA, D.C.;1
7/07/2004;8;ATLÁNTICO;8001;BARRANQUILLA;1
10/07/2004;66;RISARALDA;66440;MARSELLA;1
15/07/2004;5;ANTIOQUIA;5001;MEDELLIN;1
15/07/2004;11;BOGOTÁ D.C.;11001;BOGOTA, D.C.;1
15/07/2004;41;HUILA;41001;NEIVA;1
16/07/2004;5;ANTIOQUIA;5001;MEDELLIN;1
16/07/2004;8;ATLÁNTICO;8001;BARRANQUILLA;1
21/07/2004;5;ANTIOQUIA;5360;ITAGUI;1
23/07/2004;68;SANTANDER;68001;BUCARAMANGA;1
28/07/2004;5;ANTIOQUIA;5001;MEDELLIN;1
29/07/2004;8;ATLÁNTICO;8001;BARRANQUILLA;1
30/07/2004;5;ANTIOQUIA;5001;MEDELLIN;1
4/08/2004;5;ANTIOQUIA;5001;MEDELLIN;1
6/08/2004;76;VALLE DEL CAUCA;76001;CALI;1
11/08/2004;17;CALDAS;17001;MANIZALES;1
12/08/2004;13;BOLÍVAR;13001;CARTAGENA;1
12/08/2004;50;META;50313;GRANADA;1
26/08/2004;8;ATLÁNTICO;8001;BARRANQUILLA;1
28/08/2004;19;CAUCA;19698;SANTANDER DE QUILICHAO;1
8/09/2004;5;ANTIOQUIA;5001;MEDELLIN;1
22/09/2004;13;BOLÍVAR;13836;TURBACO;1
23/09/2004;5;ANTIOQUIA;5360;ITAGUI;1
23/09/2004;11;BOGOTÁ D.C.;11001;BOGOTA, D.C.;1
23/09/2004;76;VALLE DEL CAUCA;76001;CALI;1
27/09/2004;73;TOLIMA;73001;IBAGUE;1
11/10/2004;11;BOGOTÁ D.C.;11001;BOGOTA, D.C.;1
12/10/2004;8;ATLÁNTICO;8001;BARRANQUILLA;1
13/10/2004;76;VALLE DEL CAUCA;76001;CALI;1
21/10/2004;8;ATLÁNTICO;8001;BARRANQUILLA;1
22/10/2004;5;ANTIOQUIA;5001;MEDELLIN;1
25/10/2004;76;VALLE DEL CAUCA;76001;CALI;1
27/10/2004;44;LA GUAJIRA;44855;URUMITA;1
28/10/2004;8;ATLÁNTICO;8001;BARRANQUILLA;1
29/10/2004;11;BOGOTÁ D.C.;11001;BOGOTA, D.C.;1
2/11/2004;20;CESAR;20001;VALLEDUPAR;1
4/11/2004;11;BOGOTÁ D.C.;11001;BOGOTA, D.C.;1
4/11/2004;25;CUNDINAMARCA;25899;ZIPAQUIRA;1
17/11/2004;76;VALLE DEL CAUCA;76001;CALI;1
21/11/2004;76;VALLE DEL CAUCA;76001;CALI;1
22/11/2004;11;BOGOTÁ D.C.;11001;BOGOTA, D.C.;1
23/11/2004;5;ANTIOQUIA;5001;MEDELLIN;1
23/11/2004;8;ATLÁNTICO;8001;BARRANQUILLA;1
24/11/2004;19;CAUCA;19256;EL TAMBO;1
25/11/2004;8;ATLÁNTICO;8001;BARRANQUILLA;1
29/11/2004;66;RISARALDA;66318;GUATICA;1
30/11/2004;5;ANTIOQUIA;5001;MEDELLIN;1
10/12/2004;8;ATLÁNTICO;8001;BARRANQUILLA;1
10/12/2004;41;HUILA;41298;GARZON;1
15/12/2004;23;CÓRDOBA;23001;MONTERIA;1
21/12/2004;73;TOLIMA;73443;MARIQUITA;1
6/01/2005;76;VALLE DEL CAUCA;76001;CALI;1
12/01/2005;19;CAUCA;19212;CORINTO;1
13/01/2005;23;CÓRDOBA;23580;PUERTO LIBERTADOR;1
21/01/2005;11;BOGOTÁ D.C.;11001;BOGOTA, D.C.;1
22/01/2005;5;ANTIOQUIA;5001;MEDELLIN;1
25/01/2005;25;CUNDINAMARCA;25151;CAQUEZA;1
26/01/2005;8;ATLÁNTICO;8001;BARRANQUILLA;1
26/01/2005;73;TOLIMA;73408;LERIDA;1
28/01/2005;5;ANTIOQUIA;5001;MEDELLIN;1
2/02/2005;41;HUILA;41026;ALTAMIRA;1
10/02/2005;5;ANTIOQUIA;5001;MEDELLIN;1
10/02/2005;19;CAUCA;19517;PAEZ;1
21/02/2005;5;ANTIOQUIA;5631;SABANETA;1
28/02/2005;11;BOGOTÁ D.C.;11001;BOGOTA, D.C.;1
1/03/2005;5;ANTIOQUIA;5001;MEDELLIN;1
4/03/2005;15;BOYACÁ;15759;SOGAMOSO;1
7/03/2005;8;ATLÁNTICO;8001;BARRANQUILLA;1
7/03/2005;76;VALLE DEL CAUCA;76001;CALI;1
9/03/2005;76;VALLE DEL CAUCA;76001;CALI;1
11/03/2005;8;ATLÁNTICO;8001;BARRANQUILLA;1
17/03/2005;11;BOGOTÁ D.C.;11001;BOGOTA, D.C.;2
6/04/2005;15;BOYACÁ;15051;ARCABUCO;1
8/04/2005;11;BOGOTÁ D.C.;11001;BOGOTA, D.C.;1
20/04/2005;11;BOGOTÁ D.C.;11001;BOGOTA, D.C.;1
25/04/2005;76;VALLE DEL CAUCA;76001;CALI;1
27/04/2005;68;SANTANDER;68861;VELEZ;1
10/05/2005;5;ANTIOQUIA;5001;MEDELLIN;1
15/05/2005;54;NORTE DE SANTANDER;54720;SARDINATA;1
19/05/2005;11;BOGOTÁ D.C.;11001;BOGOTA, D.C.;1
21/05/2005;15;BOYACÁ;15176;CHIQUINQUIRA;1
27/05/2005;8;ATLÁNTICO;8001;BARRANQUILLA;1
27/05/2005;85;CASANARE;85300;SABANALARGA;1
9/06/2005;8;ATLÁNTICO;8001;BARRANQUILLA;1
10/06/2005;11;BOGOTÁ D.C.;11001;BOGOTA, D.C.;1
17/06/2005;66;RISARALDA;66045;APIA;1
20/06/2005;8;ATLÁNTICO;8001;BARRANQUILLA;1
23/06/2005;11;BOGOTÁ D.C.;11001;BOGOTA, D.C.;1
1/07/2005;8;ATLÁNTICO;8001;BARRANQUILLA;1
2/07/2005;76;VALLE DEL CAUCA;76001;CALI;1
6/07/2005;76;VALLE DEL CAUCA;76001;CALI;1
8/07/2005;5;ANTIOQUIA;5001;MEDELLIN;1
15/07/2005;11;BOGOTÁ D.C.;11001;BOGOTA, D.C.;1
19/07/2005;76;VALLE DEL CAUCA;76001;CALI;1
25/07/2005;11;BOGOTÁ D.C.;11001;BOGOTA, D.C.;1
4/08/2005;11;BOGOTÁ D.C.;11001;BOGOTA, D.C.;1
8/08/2005;11;BOGOTÁ D.C.;11001;BOGOTA, D.C.;1
10/08/2005;25;CUNDINAMARCA;25430;MADRID;1
12/08/2005;11;BOGOTÁ D.C.;11001;BOGOTA, D.C.;1
18/08/2005;11;BOGOTÁ D.C.;11001;BOGOTA, D.C.;1
19/08/2005;11;BOGOTÁ D.C.;11001;BOGOTA, D.C.;1
19/08/2005;68;SANTANDER;68679;SAN GIL;1
29/08/2005;68;SANTANDER;68081;BARRANCABERMEJA;1
1/09/2005;5;ANTIOQUIA;5001;MEDELLIN;1
1/09/2005;76;VALLE DEL CAUCA;76001;CALI;1
6/09/2005;11;BOGOTÁ D.C.;11001;BOGOTA, D.C.;1
6/09/2005;17;CALDAS;17877;VITERBO;1
8/09/2005;11;BOGOTÁ D.C.;11001;BOGOTA, D.C.;1
19/09/2005;11;BOGOTÁ D.C.;11001;BOGOTA, D.C.;1
21/09/2005;25;CUNDINAMARCA;25779;SUSA;1
29/09/2005;25;CUNDINAMARCA;25307;GIRARDOT;1
29/09/2005;41;HUILA;41503;OPORAPA;1
4/10/2005;11;BOGOTÁ D.C.;11001;BOGOTA, D.C.;1
5/10/2005;11;BOGOTÁ D.C.;11001;BOGOTA, D.C.;1
5/10/2005;25;CUNDINAMARCA;25175;CHIA;1
7/10/2005;11;BOGOTÁ D.C.;11001;BOGOTA, D.C.;1
10/10/2005;54;NORTE DE SANTANDER;54261;EL ZULIA;1
11/10/2005;11;BOGOTÁ D.C.;11001;BOGOTA, D.C.;1
14/10/2005;11;BOGOTÁ D.C.;11001;BOGOTA, D.C.;1
20/10/2005;11;BOGOTÁ D.C.;11001;BOGOTA, D.C.;1
24/10/2005;11;BOGOTÁ D.C.;11001;BOGOTA, D.C.;2
24/10/2005;15;BOYACÁ;15759;SOGAMOSO;1
24/10/2005;23;CÓRDOBA;23001;MONTERIA;1
26/10/2005;17;CALDAS;17877;VITERBO;1
8/11/2005;11;BOGOTÁ D.C.;11001;BOGOTA, D.C.;1
9/11/2005;11;BOGOTÁ D.C.;11001;BOGOTA, D.C.;1
15/11/2005;8;ATLÁNTICO;8001;BARRANQUILLA;1
18/11/2005;11;BOGOTÁ D.C.;11001;BOGOTA, D.C.;1
22/11/2005;5;ANTIOQUIA;5001;MEDELLIN;1
23/11/2005;50;META;50001;VILLAVICENCIO;1
30/11/2005;11;BOGOTÁ D.C.;11001;BOGOTA, D.C.;1
1/12/2005;11;BOGOTÁ D.C.;11001;BOGOTA, D.C.;1
1/12/2005;73;TOLIMA;73443;MARIQUITA;1
2/12/2005;19;CAUCA;19256;EL TAMBO;1
13/12/2005;5;ANTIOQUIA;5088;BELLO;1
20/12/2005;5;ANTIOQUIA;5001;MEDELLIN;1
20/12/2005;68;SANTANDER;68001;BUCARAMANGA;1
20/12/2005;70;SUCRE;70717;SAN PEDRO;1
21/12/2005;41;HUILA;41306;GIGANTE;1
29/12/2005;5;ANTIOQUIA;5360;ITAGUI;1
10/01/2006;50;META;50606;RESTREPO;1
10/01/2006;70;SUCRE;70215;COROZAL;1
12/01/2006;11;BOGOTÁ D.C.;11001;BOGOTA, D.C.;1
12/01/2006;76;VALLE DEL CAUCA;76364;JAMUNDI;1
13/01/2006;47;MAGDALENA;47001;SANTA MARTA;1
16/01/2006;94;GUAINÍA;94001;INIRIDA;1
17/01/2006;44;LA GUAJIRA;44001;RIOHACHA;1
24/01/2006;5;ANTIOQUIA;5001;MEDELLIN;1
24/01/2006;86;PUTUMAYO;86573;LEGUIZAMO;1
25/01/2006;5;ANTIOQUIA;5001;MEDELLIN;1
27/01/2006;76;VALLE DEL CAUCA;76001;CALI;1
3/02/2006;5;ANTIOQUIA;5001;MEDELLIN;1
10/02/2006;5;ANTIOQUIA;5001;MEDELLIN;1
10/02/2006;23;CÓRDOBA;23001;MONTERIA;1
10/02/2006;76;VALLE DEL CAUCA;76001;CALI;1
16/02/2006;76;VALLE DEL CAUCA;76130;CANDELARIA;1
27/02/2006;19;CAUCA;19573;PUERTO TEJADA;1
28/02/2006;11;BOGOTÁ D.C.;11001;BOGOTA, D.C.;1
3/03/2006;5;ANTIOQUIA;5001;MEDELLIN;1
8/03/2006;8;ATLÁNTICO;8001;BARRANQUILLA;1
16/03/2006;23;CÓRDOBA;23162;CERETE;1
17/03/2006;47;MAGDALENA;47001;SANTA MARTA;1
24/03/2006;8;ATLÁNTICO;8001;BARRANQUILLA;2
24/03/2006;13;BOLÍVAR;13430;MAGANGUE;1
5/04/2006;23;CÓRDOBA;23001;MONTERIA;1
6/04/2006;47;MAGDALENA;47001;SANTA MARTA;1
18/04/2006;8;ATLÁNTICO;8001;BARRANQUILLA;1
20/04/2006;76;VALLE DEL CAUCA;76001;CALI;1
21/04/2006;76;VALLE DEL CAUCA;76001;CALI;1
16/05/2006;8;ATLÁNTICO;8001;BARRANQUILLA;1
19/05/2006;73;TOLIMA;73001;IBAGUE;1
31/05/2006;8;ATLÁNTICO;8001;BARRANQUILLA;1
1/06/2006;47;MAGDALENA;47707;SANTA ANA;1
9/06/2006;8;ATLÁNTICO;8001;BARRANQUILLA;1
16/06/2006;76;VALLE DEL CAUCA;76001;CALI;1
27/06/2006;76;VALLE DEL CAUCA;76001;CALI;1
29/06/2006;8;ATLÁNTICO;8001;BARRANQUILLA;1
13/07/2006;5;ANTIOQUIA;5001;MEDELLIN;1
17/07/2006;11;BOGOTÁ D.C.;11001;BOGOTA, D.C.;1
17/07/2006;76;VALLE DEL CAUCA;76001;CALI;1
19/07/2006;5;ANTIOQUIA;5001;MEDELLIN;1
21/07/2006;76;VALLE DEL CAUCA;76001;CALI;1
24/07/2006;8;ATLÁNTICO;8001;BARRANQUILLA;1
27/07/2006;19;CAUCA;19001;POPAYAN;1
1/08/2006;52;NARIÑO;52838;TUQUERRES;1
4/08/2006;8;ATLÁNTICO;8001;BARRANQUILLA;1
4/08/2006;73;TOLIMA;73152;CASABIANCA;1
4/08/2006;73;TOLIMA;73870;VILLAHERMOSA;1
8/08/2006;11;BOGOTÁ D.C.;11001;BOGOTA, D.C.;1
12/08/2006;5;ANTIOQUIA;5440;MARINILLA;1
18/08/2006;76;VALLE DEL CAUCA;76001;CALI;1
24/08/2006;5;ANTIOQUIA;5001;MEDELLIN;1
25/08/2006;76;VALLE DEL CAUCA;76001;CALI;1
29/08/2006;19;CAUCA;19450;MERCADERES;1
29/08/2006;47;MAGDALENA;47288;FUNDACION;1
30/08/2006;76;VALLE DEL CAUCA;76001;CALI;1
5/09/2006;17;CALDAS;17001;MANIZALES;1
12/09/2006;5;ANTIOQUIA;5440;MARINILLA;1
15/09/2006;68;SANTANDER;68307;GIRON;1
22/09/2006;8;ATLÁNTICO;8001;BARRANQUILLA;1
22/09/2006;76;VALLE DEL CAUCA;76001;CALI;1
26/09/2006;50;META;50313;GRANADA;1
27/09/2006;76;VALLE DEL CAUCA;76001;CALI;1
29/09/2006;8;ATLÁNTICO;8001;BARRANQUILLA;1
29/09/2006;76;VALLE DEL CAUCA;76001;CALI;1
6/10/2006;8;ATLÁNTICO;8001;BARRANQUILLA;1
6/10/2006;11;BOGOTÁ D.C.;11001;BOGOTA, D.C.;1
10/10/2006;41;HUILA;41206;COLOMBIA;1
13/10/2006;5;ANTIOQUIA;5001;MEDELLIN;1
19/10/2006;8;ATLÁNTICO;8001;BARRANQUILLA;1
20/10/2006;76;VALLE DEL CAUCA;76001;CALI;1
23/10/2006;76;VALLE DEL CAUCA;76001;CALI;1
24/10/2006;8;ATLÁNTICO;8001;BARRANQUILLA;1
26/10/2006;5;ANTIOQUIA;5360;ITAGUI;1
27/10/2006;76;VALLE DEL CAUCA;76895;ZARZAL;1
2/11/2006;8;ATLÁNTICO;8001;BARRANQUILLA;2
4/11/2006;8;ATLÁNTICO;8001;BARRANQUILLA;1
8/11/2006;23;CÓRDOBA;23162;CERETE;1
8/11/2006;25;CUNDINAMARCA;25873;VILLAPINZON;1
9/11/2006;11;BOGOTÁ D.C.;11001;BOGOTA, D.C.;1
9/11/2006;76;VALLE DEL CAUCA;76001;CALI;1
17/11/2006;5;ANTIOQUIA;5607;RETIRO;1
22/11/2006;76;VALLE DEL CAUCA;76001;CALI;1
24/11/2006;8;ATLÁNTICO;8001;BARRANQUILLA;1
26/11/2006;41;HUILA;41378;LA ARGENTINA;1
1/12/2006;8;ATLÁNTICO;8433;MALAMBO;1
5/12/2006;8;ATLÁNTICO;8001;BARRANQUILLA;1
7/12/2006;68;SANTANDER;68689;SAN VICENTE DE CHUCURI;1
21/12/2006;47;MAGDALENA;47161;CERRO SAN ANTONIO;1
26/12/2006;8;ATLÁNTICO;8001;BARRANQUILLA;1
4/01/2007;11;BOGOTÁ D.C.;11001;BOGOTA, D.C.;1
10/01/2007;8;ATLÁNTICO;8001;BARRANQUILLA;1
11/01/2007;41;HUILA;41001;NEIVA;1
13/01/2007;8;ATLÁNTICO;8001;BARRANQUILLA;1
19/01/2007;8;ATLÁNTICO;8001;BARRANQUILLA;1
21/01/2007;8;ATLÁNTICO;8001;BARRANQUILLA;1
22/01/2007;76;VALLE DEL CAUCA;76001;CALI;1
23/01/2007;5;ANTIOQUIA;5001;MEDELLIN;1
23/01/2007;8;ATLÁNTICO;8001;BARRANQUILLA;1
23/01/2007;76;VALLE DEL CAUCA;76001;CALI;1
24/01/2007;19;CAUCA;19100;BOLIVAR;1
26/01/2007;66;RISARALDA;66594;QUINCHIA;1
30/01/2007;76;VALLE DEL CAUCA;76001;CALI;1
31/01/2007;25;CUNDINAMARCA;25269;FACATATIVA;1
6/02/2007;8;ATLÁNTICO;8001;BARRANQUILLA;1
10/02/2007;41;HUILA;41359;ISNOS;1
10/02/2007;76;VALLE DEL CAUCA;76001;CALI;1
13/02/2007;8;ATLÁNTICO;8001;BARRANQUILLA;1
13/02/2007;52;NARIÑO;52678;SAMANIEGO;1
15/02/2007;8;ATLÁNTICO;8001;BARRANQUILLA;1
17/02/2007;25;CUNDINAMARCA;25754;SOACHA;1
27/02/2007;18;CAQUETÁ;18247;EL DONCELLO;1
7/03/2007;8;ATLÁNTICO;8001;BARRANQUILLA;1
3/04/2007;50;META;50313;GRANADA;1
12/04/2007;41;HUILA;41791;TARQUI;1
18/04/2007;76;VALLE DEL CAUCA;76001;CALI;1
3/05/2007;76;VALLE DEL CAUCA;76001;CALI;1
7/05/2007;11;BOGOTÁ D.C.;11001;BOGOTA, D.C.;1
29/05/2007;41;HUILA;41001;NEIVA;1
30/05/2007;8;ATLÁNTICO;8001;BARRANQUILLA;1
5/06/2007;8;ATLÁNTICO;8001;BARRANQUILLA;1
15/06/2007;8;ATLÁNTICO;8001;BARRANQUILLA;1
3/07/2007;11;BOGOTÁ D.C.;11001;BOGOTA, D.C.;1
23/07/2007;47;MAGDALENA;47001;SANTA MARTA;1
23/07/2007;76;VALLE DEL CAUCA;76130;CANDELARIA;1
27/07/2007;8;ATLÁNTICO;8001;BARRANQUILLA;1
30/07/2007;25;CUNDINAMARCA;25843;VILLA DE SAN DIEGO DE UBATE;1
6/08/2007;25;CUNDINAMARCA;25815;TOCAIMA;1
21/08/2007;20;CESAR;20001;VALLEDUPAR;1
3/09/2007;5;ANTIOQUIA;5212;COPACABANA;1
4/09/2007;5;ANTIOQUIA;5360;ITAGUI;1
21/09/2007;20;CESAR;20178;CHIRIGUANA;1
21/09/2007;76;VALLE DEL CAUCA;76147;CARTAGO;1
24/09/2007;5;ANTIOQUIA;5001;MEDELLIN;1
25/09/2007;52;NARIÑO;52411;LINARES;1
28/09/2007;11;BOGOTÁ D.C.;11001;BOGOTA, D.C.;1
2/10/2007;5;ANTIOQUIA;5380;LA ESTRELLA;1
5/10/2007;41;HUILA;41551;PITALITO;1
9/10/2007;8;ATLÁNTICO;8001;BARRANQUILLA;1
11/10/2007;11;BOGOTÁ D.C.;11001;BOGOTA, D.C.;1
16/10/2007;11;BOGOTÁ D.C.;11001;BOGOTA, D.C.;1
16/10/2007;25;CUNDINAMARCA;25320;GUADUAS;1
19/10/2007;47;MAGDALENA;47001;SANTA MARTA;1
23/10/2007;8;ATLÁNTICO;8001;BARRANQUILLA;1
30/10/2007;19;CAUCA;19001;POPAYAN;1
31/10/2007;8;ATLÁNTICO;8001;BARRANQUILLA;1
8/11/2007;8;ATLÁNTICO;8001;BARRANQUILLA;1
13/11/2007;19;CAUCA;19100;BOLIVAR;1
13/11/2007;68;SANTANDER;68276;FLORIDABLANCA;1
15/11/2007;8;ATLÁNTICO;8001;BARRANQUILLA;1
17/11/2007;76;VALLE DEL CAUCA;76001;CALI;1
19/11/2007;8;ATLÁNTICO;8001;BARRANQUILLA;1
23/11/2007;76;VALLE DEL CAUCA;76001;CALI;1
7/12/2007;76;VALLE DEL CAUCA;76001;CALI;2
8/12/2007;41;HUILA;41551;PITALITO;1
9/12/2007;41;HUILA;41551;PITALITO;1
12/12/2007;50;META;50001;VILLAVICENCIO;1
17/12/2007;8;ATLÁNTICO;8001;BARRANQUILLA;1
24/12/2007;13;BOLÍVAR;13647;SAN ESTANISLAO;1
8/01/2008;19;CAUCA;19548;PIENDAMO;1
15/01/2008;5;ANTIOQUIA;5001;MEDELLIN;1
15/01/2008;8;ATLÁNTICO;8001;BARRANQUILLA;1
15/01/2008;68;SANTANDER;68307;GIRON;1
16/01/2008;8;ATLÁNTICO;8001;BARRANQUILLA;1
17/01/2008;50;META;50001;VILLAVICENCIO;1
24/01/2008;76;VALLE DEL CAUCA;76520;PALMIRA;1
12/02/2008;8;ATLÁNTICO;8001;BARRANQUILLA;1
18/02/2008;8;ATLÁNTICO;8372;JUAN DE ACOSTA;1
18/02/2008;76;VALLE DEL CAUCA;76001;CALI;1
19/02/2008;66;RISARALDA;66001;PEREIRA;1
27/02/2008;13;BOLÍVAR;13001;CARTAGENA;1
6/03/2008;76;VALLE DEL CAUCA;76001;CALI;1
11/03/2008;8;ATLÁNTICO;8001;BARRANQUILLA;1
11/03/2008;76;VALLE DEL CAUCA;76275;FLORIDA;1
14/03/2008;8;ATLÁNTICO;8001;BARRANQUILLA;1
14/03/2008;73;TOLIMA;73001;IBAGUE;1
17/03/2008;50;META;50313;GRANADA;1
26/03/2008;8;ATLÁNTICO;8001;BARRANQUILLA;1
26/03/2008;50;META;50001;VILLAVICENCIO;1
27/03/2008;17;CALDAS;17001;MANIZALES;1
1/04/2008;76;VALLE DEL CAUCA;76001;CALI;1
8/04/2008;8;ATLÁNTICO;8001;BARRANQUILLA;1
8/04/2008;13;BOLÍVAR;13001;CARTAGENA;1
10/04/2008;76;VALLE DEL CAUCA;76001;CALI;1
11/04/2008;8;ATLÁNTICO;8001;BARRANQUILLA;1
11/04/2008;11;BOGOTÁ D.C.;11001;BOGOTA, D.C.;1
16/04/2008;8;ATLÁNTICO;8001;BARRANQUILLA;1
18/04/2008;8;ATLÁNTICO;8001;BARRANQUILLA;1
23/04/2008;8;ATLÁNTICO;8001;BARRANQUILLA;1
25/04/2008;8;ATLÁNTICO;8001;BARRANQUILLA;1
27/04/2008;76;VALLE DEL CAUCA;76001;CALI;1
29/04/2008;11;BOGOTÁ D.C.;11001;BOGOTA, D.C.;1
29/04/2008;13;BOLÍVAR;13001;CARTAGENA;1
2/05/2008;19;CAUCA;19001;POPAYAN;1
6/05/2008;8;ATLÁNTICO;8001;BARRANQUILLA;1
8/05/2008;76;VALLE DEL CAUCA;76001;CALI;1
9/05/2008;8;ATLÁNTICO;8001;BARRANQUILLA;1
16/05/2008;76;VALLE DEL CAUCA;76001;CALI;1
19/05/2008;5;ANTIOQUIA;5001;MEDELLIN;1
22/05/2008;11;BOGOTÁ D.C.;11001;BOGOTA, D.C.;1
30/05/2008;8;ATLÁNTICO;8001;BARRANQUILLA;1
4/06/2008;76;VALLE DEL CAUCA;76001;CALI;1
5/06/2008;5;ANTIOQUIA;5001;MEDELLIN;1
9/06/2008;11;BOGOTÁ D.C.;11001;BOGOTA, D.C.;2
11/06/2008;8;ATLÁNTICO;8001;BARRANQUILLA;1
11/06/2008;13;BOLÍVAR;13001;CARTAGENA;1
12/06/2008;5;ANTIOQUIA;5001;MEDELLIN;1
13/06/2008;47;MAGDALENA;47053;ARACATACA;1
15/06/2008;5;ANTIOQUIA;5837;TURBO;1
17/06/2008;8;ATLÁNTICO;8001;BARRANQUILLA;1
18/06/2008;97;VAUPÉS;97001;MITU;1
20/06/2008;76;VALLE DEL CAUCA;76001;CALI;1
21/06/2008;8;ATLÁNTICO;8001;BARRANQUILLA;1
27/06/2008;13;BOLÍVAR;13836;TURBACO;1
27/06/2008;44;LA GUAJIRA;44430;MAICAO;1
27/06/2008;76;VALLE DEL CAUCA;76001;CALI;1
28/06/2008;76;VALLE DEL CAUCA;76318;GUACARI;1
1/07/2008;76;VALLE DEL CAUCA;76001;CALI;1
2/07/2008;11;BOGOTÁ D.C.;11001;BOGOTA, D.C.;1
3/07/2008;8;ATLÁNTICO;8001;BARRANQUILLA;1
9/07/2008;76;VALLE DEL CAUCA;76318;GUACARI;1
10/07/2008;8;ATLÁNTICO;8001;BARRANQUILLA;1
15/07/2008;11;BOGOTÁ D.C.;11001;BOGOTA, D.C.;1
16/07/2008;8;ATLÁNTICO;8001;BARRANQUILLA;1
17/07/2008;5;ANTIOQUIA;5001;MEDELLIN;1
21/07/2008;76;VALLE DEL CAUCA;76001;CALI;1
23/07/2008;13;BOLÍVAR;13140;CALAMAR;1
25/07/2008;11;BOGOTÁ D.C.;11001;BOGOTA, D.C.;1
25/07/2008;76;VALLE DEL CAUCA;76001;CALI;1
31/07/2008;13;BOLÍVAR;13001;CARTAGENA;1
1/08/2008;41;HUILA;41020;ALGECIRAS;1
4/08/2008;76;VALLE DEL CAUCA;76001;CALI;1
5/08/2008;13;BOLÍVAR;13001;CARTAGENA;1
6/08/2008;15;BOYACÁ;15804;TIBANA;1
14/08/2008;50;META;50001;VILLAVICENCIO;1
20/08/2008;68;SANTANDER;68001;BUCARAMANGA;1
22/08/2008;11;BOGOTÁ D.C.;11001;BOGOTA, D.C.;1
26/08/2008;11;BOGOTÁ D.C.;11001;BOGOTA, D.C.;1
10/09/2008;76;VALLE DEL CAUCA;76001;CALI;1
12/09/2008;11;BOGOTÁ D.C.;11001;BOGOTA, D.C.;1
16/09/2008;11;BOGOTÁ D.C.;11001;BOGOTA, D.C.;1
18/09/2008;13;BOLÍVAR;13001;CARTAGENA;1
22/09/2008;11;BOGOTÁ D.C.;11001;BOGOTA, D.C.;1
24/09/2008;47;MAGDALENA;47001;SANTA MARTA;1
25/09/2008;5;ANTIOQUIA;5088;BELLO;1
25/09/2008;25;CUNDINAMARCA;25175;CHIA;1
25/09/2008;68;SANTANDER;68001;BUCARAMANGA;1
1/10/2008;8;ATLÁNTICO;8001;BARRANQUILLA;1
1/10/2008;50;META;50001;VILLAVICENCIO;1
3/10/2008;8;ATLÁNTICO;8001;BARRANQUILLA;1
9/10/2008;8;ATLÁNTICO;8001;BARRANQUILLA;1
16/10/2008;68;SANTANDER;68001;BUCARAMANGA;1
20/10/2008;5;ANTIOQUIA;5001;MEDELLIN;1
20/10/2008;73;TOLIMA;73555;PLANADAS;1
22/10/2008;50;META;50006;ACACIAS;1
23/10/2008;11;BOGOTÁ D.C.;11001;BOGOTA, D.C.;1
27/10/2008;11;BOGOTÁ D.C.;11001;BOGOTA, D.C.;1
29/10/2008;11;BOGOTÁ D.C.;11001;BOGOTA, D.C.;1
31/10/2008;5;ANTIOQUIA;5001;MEDELLIN;1
31/10/2008;47;MAGDALENA;47001;SANTA MARTA;1
7/11/2008;68;SANTANDER;68081;BARRANCABERMEJA;1
10/11/2008;8;ATLÁNTICO;8001;BARRANQUILLA;1
13/11/2008;8;ATLÁNTICO;8001;BARRANQUILLA;1
14/11/2008;50;META;50001;VILLAVICENCIO;1
15/11/2008;47;MAGDALENA;47001;SANTA MARTA;1
19/11/2008;17;CALDAS;17001;MANIZALES;1
20/11/2008;5;ANTIOQUIA;5001;MEDELLIN;1
20/11/2008;66;RISARALDA;66001;PEREIRA;1
21/11/2008;5;ANTIOQUIA;5001;MEDELLIN;1
27/11/2008;13;BOLÍVAR;13001;CARTAGENA;1
27/11/2008;68;SANTANDER;68001;BUCARAMANGA;1
1/12/2008;13;BOLÍVAR;13688;SANTA ROSA DEL SUR;1
1/12/2008;50;META;50573;PUERTO LOPEZ;1
11/12/2008;68;SANTANDER;68001;BUCARAMANGA;1
12/12/2008;50;META;50606;RESTREPO;1
15/12/2008;11;BOGOTÁ D.C.;11001;BOGOTA, D.C.;1
16/12/2008;11;BOGOTÁ D.C.;11001;BOGOTA, D.C.;1
17/12/2008;68;SANTANDER;68001;BUCARAMANGA;1
18/12/2008;11;BOGOTÁ D.C.;11001;BOGOTA, D.C.;1
27/12/2008;5;ANTIOQUIA;5756;SONSON;1
30/12/2008;11;BOGOTÁ D.C.;11001;BOGOTA, D.C.;1
13/01/2009;5;ANTIOQUIA;5042;SANTAFE DE ANTIOQUIA;1
14/01/2009;5;ANTIOQUIA;5001;MEDELLIN;1
14/01/2009;11;BOGOTÁ D.C.;11001;BOGOTA, D.C.;1
19/01/2009;85;CASANARE;85010;AGUAZUL;1
27/01/2009;50;META;50006;ACACIAS;1
27/01/2009;76;VALLE DEL CAUCA;76001;CALI;1
3/02/2009;5;ANTIOQUIA;5607;RETIRO;1
3/02/2009;41;HUILA;41001;NEIVA;1
4/02/2009;8;ATLÁNTICO;8001;BARRANQUILLA;1
6/02/2009;25;CUNDINAMARCA;25845;UNE;1
10/02/2009;47;MAGDALENA;47001;SANTA MARTA;1
17/02/2009;50;META;50573;PUERTO LOPEZ;1
17/02/2009;66;RISARALDA;66001;PEREIRA;2
4/03/2009;23;CÓRDOBA;23001;MONTERIA;1
5/03/2009;8;ATLÁNTICO;8001;BARRANQUILLA;1
13/03/2009;50;META;50001;VILLAVICENCIO;1
20/03/2009;76;VALLE DEL CAUCA;76001;CALI;1
26/03/2009;17;CALDAS;17001;MANIZALES;1
27/03/2009;11;BOGOTÁ D.C.;11001;BOGOTA, D.C.;1
31/03/2009;19;CAUCA;19001;POPAYAN;1
1/04/2009;76;VALLE DEL CAUCA;76520;PALMIRA;1
3/04/2009;68;SANTANDER;68406;LEBRIJA;1
7/04/2009;18;CAQUETÁ;18001;FLORENCIA;1
14/04/2009;13;BOLÍVAR;13001;CARTAGENA;1
16/04/2009;5;ANTIOQUIA;5001;MEDELLIN;1
16/04/2009;41;HUILA;41001;NEIVA;1
16/04/2009;50;META;50330;MESETAS;1
17/04/2009;8;ATLÁNTICO;8001;BARRANQUILLA;1
17/04/2009;11;BOGOTÁ D.C.;11001;BOGOTA, D.C.;1
18/04/2009;68;SANTANDER;68001;BUCARAMANGA;1
20/04/2009;76;VALLE DEL CAUCA;76834;TULUA;1
30/04/2009;11;BOGOTÁ D.C.;11001;BOGOTA, D.C.;1
4/05/2009;5;ANTIOQUIA;5001;MEDELLIN;1
13/05/2009;76;VALLE DEL CAUCA;76001;CALI;1
20/05/2009;50;META;50001;VILLAVICENCIO;1
21/05/2009;17;CALDAS;17001;MANIZALES;1
28/05/2009;76;VALLE DEL CAUCA;76001;CALI;1
2/06/2009;11;BOGOTÁ D.C.;11001;BOGOTA, D.C.;1
5/06/2009;76;VALLE DEL CAUCA;76892;YUMBO;1
8/06/2009;76;VALLE DEL CAUCA;76001;CALI;1
9/06/2009;50;META;50606;RESTREPO;1
17/06/2009;41;HUILA;41001;NEIVA;1
18/06/2009;76;VALLE DEL CAUCA;76001;CALI;1
19/06/2009;76;VALLE DEL CAUCA;76001;CALI;1
23/06/2009;50;META;50001;VILLAVICENCIO;1
24/06/2009;5;ANTIOQUIA;5266;ENVIGADO;1
24/06/2009;66;RISARALDA;66170;DOSQUEBRADAS;1
25/06/2009;5;ANTIOQUIA;5129;CALDAS;1
30/06/2009;5;ANTIOQUIA;5001;MEDELLIN;1
30/06/2009;11;BOGOTÁ D.C.;11001;BOGOTA, D.C.;1
1/07/2009;63;QUINDÍO;63001;ARMENIA;1
6/07/2009;8;ATLÁNTICO;8001;BARRANQUILLA;1
8/07/2009;11;BOGOTÁ D.C.;11001;BOGOTA, D.C.;1
9/07/2009;11;BOGOTÁ D.C.;11001;BOGOTA, D.C.;1
22/07/2009;5;ANTIOQUIA;5604;REMEDIOS;1
24/07/2009;5;ANTIOQUIA;5400;LA UNION;1
29/07/2009;76;VALLE DEL CAUCA;76001;CALI;1
12/08/2009;76;VALLE DEL CAUCA;76248;EL CERRITO;1
14/08/2009;68;SANTANDER;68001;BUCARAMANGA;1
20/08/2009;5;ANTIOQUIA;5001;MEDELLIN;1
20/08/2009;5;ANTIOQUIA;5088;BELLO;1
29/08/2009;76;VALLE DEL CAUCA;76001;CALI;1
31/08/2009;23;CÓRDOBA;23162;CERETE;1
8/09/2009;73;TOLIMA;73268;ESPINAL;1
16/09/2009;25;CUNDINAMARCA;25839;UBALA;1
17/09/2009;8;ATLÁNTICO;8001;BARRANQUILLA;1
17/09/2009;76;VALLE DEL CAUCA;76001;CALI;1
18/09/2009;5;ANTIOQUIA;5001;MEDELLIN;1
18/09/2009;5;ANTIOQUIA;5360;ITAGUI;1
18/09/2009;19;CAUCA;19001;POPAYAN;1
22/09/2009;73;TOLIMA;73001;IBAGUE;1
24/09/2009;5;ANTIOQUIA;5001;MEDELLIN;1
2/10/2009;11;BOGOTÁ D.C.;11001;BOGOTA, D.C.;1
6/10/2009;68;SANTANDER;68001;BUCARAMANGA;1
17/10/2009;8;ATLÁNTICO;8001;BARRANQUILLA;1
23/10/2009;11;BOGOTÁ D.C.;11001;BOGOTA, D.C.;1
28/10/2009;76;VALLE DEL CAUCA;76020;ALCALA;1
3/11/2009;8;ATLÁNTICO;8001;BARRANQUILLA;1
6/11/2009;13;BOLÍVAR;13052;ARJONA;1
7/11/2009;11;BOGOTÁ D.C.;11001;BOGOTA, D.C.;1
24/11/2009;5;ANTIOQUIA;5001;MEDELLIN;1
27/11/2009;85;CASANARE;85440;VILLANUEVA;1
1/12/2009;8;ATLÁNTICO;8001;BARRANQUILLA;2
1/12/2009;73;TOLIMA;73283;FRESNO;1
5/12/2009;11;BOGOTÁ D.C.;11001;BOGOTA, D.C.;1
30/12/2009;44;LA GUAJIRA;44855;URUMITA;1
19/01/2010;15;BOYACÁ;15776;SUTAMARCHAN;1
21/01/2010;11;BOGOTÁ D.C.;11001;BOGOTA, D.C.;1
2/02/2010;11;BOGOTÁ D.C.;11001;BOGOTA, D.C.;1
3/02/2010;23;CÓRDOBA;23162;CERETE;1
3/02/2010;68;SANTANDER;68001;BUCARAMANGA;1
5/02/2010;8;ATLÁNTICO;8372;JUAN DE ACOSTA;1
5/02/2010;85;CASANARE;85430;TRINIDAD;1
9/02/2010;44;LA GUAJIRA;44855;URUMITA;1
18/02/2010;8;ATLÁNTICO;8001;BARRANQUILLA;1
23/02/2010;11;BOGOTÁ D.C.;11001;BOGOTA, D.C.;1
24/02/2010;5;ANTIOQUIA;5001;MEDELLIN;1
25/02/2010;8;ATLÁNTICO;8001;BARRANQUILLA;1
27/02/2010;47;MAGDALENA;47001;SANTA MARTA;1
4/03/2010;11;BOGOTÁ D.C.;11001;BOGOTA, D.C.;1
4/03/2010;41;HUILA;41306;GIGANTE;1
23/03/2010;11;BOGOTÁ D.C.;11001;BOGOTA, D.C.;2
28/03/2010;5;ANTIOQUIA;5212;COPACABANA;1
30/03/2010;25;CUNDINAMARCA;25843;VILLA DE SAN DIEGO DE UBATE;1
31/03/2010;11;BOGOTÁ D.C.;11001;BOGOTA, D.C.;1
12/04/2010;5;ANTIOQUIA;5579;PUERTO BERRIO;1
19/04/2010;15;BOYACÁ;15176;CHIQUINQUIRA;1
22/04/2010;20;CESAR;20001;VALLEDUPAR;1
23/04/2010;44;LA GUAJIRA;44001;RIOHACHA;1
29/04/2010;11;BOGOTÁ D.C.;11001;BOGOTA, D.C.;1
3/05/2010;50;META;50001;VILLAVICENCIO;1
3/05/2010;63;QUINDÍO;63001;ARMENIA;1
5/05/2010;11;BOGOTÁ D.C.;11001;BOGOTA, D.C.;1
7/05/2010;11;BOGOTÁ D.C.;11001;BOGOTA, D.C.;1
19/05/2010;8;ATLÁNTICO;8001;BARRANQUILLA;1
25/05/2010;11;BOGOTÁ D.C.;11001;BOGOTA, D.C.;2
4/06/2010;11;BOGOTÁ D.C.;11001;BOGOTA, D.C.;1
10/06/2010;76;VALLE DEL CAUCA;76001;CALI;1
11/06/2010;76;VALLE DEL CAUCA;76001;CALI;1
15/06/2010;76;VALLE DEL CAUCA;76001;CALI;1
24/06/2010;11;BOGOTÁ D.C.;11001;BOGOTA, D.C.;1
29/06/2010;11;BOGOTÁ D.C.;11001;BOGOTA, D.C.;1
1/07/2010;11;BOGOTÁ D.C.;11001;BOGOTA, D.C.;1
12/07/2010;5;ANTIOQUIA;5615;RIONEGRO;1
16/07/2010;8;ATLÁNTICO;8001;BARRANQUILLA;1
17/07/2010;50;META;50313;GRANADA;1
23/07/2010;52;NARIÑO;52001;PASTO;1
26/07/2010;11;BOGOTÁ D.C.;11001;BOGOTA, D.C.;2
28/07/2010;11;BOGOTÁ D.C.;11001;BOGOTA, D.C.;1
31/07/2010;47;MAGDALENA;47555;PLATO;1
3/08/2010;20;CESAR;20001;VALLEDUPAR;1
9/08/2010;11;BOGOTÁ D.C.;11001;BOGOTA, D.C.;2
10/08/2010;11;BOGOTÁ D.C.;11001;BOGOTA, D.C.;1
16/09/2010;20;CESAR;20001;VALLEDUPAR;1
22/09/2010;50;META;50001;VILLAVICENCIO;1
30/09/2010;11;BOGOTÁ D.C.;11001;BOGOTA, D.C.;1
12/10/2010;5;ANTIOQUIA;5129;CALDAS;1
15/10/2010;5;ANTIOQUIA;5390;LA PINTADA;1
15/10/2010;44;LA GUAJIRA;44279;FONSECA;1
16/10/2010;8;ATLÁNTICO;8078;BARANOA;1
19/10/2010;11;BOGOTÁ D.C.;11001;BOGOTA, D.C.;1
22/10/2010;11;BOGOTÁ D.C.;11001;BOGOTA, D.C.;1
22/10/2010;13;BOLÍVAR;13001;CARTAGENA;1
22/10/2010;47;MAGDALENA;47189;CIENAGA;1
25/10/2010;5;ANTIOQUIA;5001;MEDELLIN;1
4/11/2010;68;SANTANDER;68081;BARRANCABERMEJA;1
9/11/2010;11;BOGOTÁ D.C.;11001;BOGOTA, D.C.;1
10/11/2010;19;CAUCA;19256;EL TAMBO;1
12/11/2010;76;VALLE DEL CAUCA;76001;CALI;1
23/11/2010;5;ANTIOQUIA;5001;MEDELLIN;1
16/12/2010;11;BOGOTÁ D.C.;11001;BOGOTA, D.C.;1
11/01/2011;8;ATLÁNTICO;8001;BARRANQUILLA;1
12/01/2011;11;BOGOTÁ D.C.;11001;BOGOTA, D.C.;2
19/01/2011;11;BOGOTÁ D.C.;11001;BOGOTA, D.C.;1
20/01/2011;76;VALLE DEL CAUCA;76001;CALI;1
25/01/2011;11;BOGOTÁ D.C.;11001;BOGOTA, D.C.;1
27/01/2011;11;BOGOTÁ D.C.;11001;BOGOTA, D.C.;1
27/01/2011;41;HUILA;41020;ALGECIRAS;1
31/01/2011;76;VALLE DEL CAUCA;76001;CALI;1
4/02/2011;8;ATLÁNTICO;8001;BARRANQUILLA;1
16/02/2011;8;ATLÁNTICO;8001;BARRANQUILLA;1
16/02/2011;11;BOGOTÁ D.C.;11001;BOGOTA, D.C.;1
16/02/2011;76;VALLE DEL CAUCA;76001;CALI;1
18/02/2011;8;ATLÁNTICO;8758;SOLEDAD;1
22/02/2011;11;BOGOTÁ D.C.;11001;BOGOTA, D.C.;2
23/02/2011;8;ATLÁNTICO;8001;BARRANQUILLA;1
23/02/2011;11;BOGOTÁ D.C.;11001;BOGOTA, D.C.;1
23/02/2011;19;CAUCA;19585;PURACE;1
24/02/2011;11;BOGOTÁ D.C.;11001;BOGOTA, D.C.;1
4/03/2011;5;ANTIOQUIA;5360;ITAGUI;1
4/03/2011;11;BOGOTÁ D.C.;11001;BOGOTA, D.C.;1
8/03/2011;5;ANTIOQUIA;5001;MEDELLIN;1
8/03/2011;76;VALLE DEL CAUCA;76001;CALI;1
9/03/2011;11;BOGOTÁ D.C.;11001;BOGOTA, D.C.;1
10/03/2011;47;MAGDALENA;47555;PLATO;1
14/03/2011;11;BOGOTÁ D.C.;11001;BOGOTA, D.C.;1
22/03/2011;11;BOGOTÁ D.C.;11001;BOGOTA, D.C.;1
25/03/2011;11;BOGOTÁ D.C.;11001;BOGOTA, D.C.;1
29/03/2011;11;BOGOTÁ D.C.;11001;BOGOTA, D.C.;1
4/04/2011;52;NARIÑO;52356;IPIALES;1
12/04/2011;11;BOGOTÁ D.C.;11001;BOGOTA, D.C.;1
21/04/2011;50;META;50006;ACACIAS;1
24/04/2011;76;VALLE DEL CAUCA;76111;GUADALAJARA DE BUGA;1
25/04/2011;50;META;50150;CASTILLA LA NUEVA;1
26/04/2011;11;BOGOTÁ D.C.;11001;BOGOTA, D.C.;1
2/05/2011;5;ANTIOQUIA;5001;MEDELLIN;1
3/05/2011;11;BOGOTÁ D.C.;11001;BOGOTA, D.C.;1
6/05/2011;11;BOGOTÁ D.C.;11001;BOGOTA, D.C.;1
10/05/2011;11;BOGOTÁ D.C.;11001;BOGOTA, D.C.;1
11/05/2011;11;BOGOTÁ D.C.;11001;BOGOTA, D.C.;2
11/05/2011;76;VALLE DEL CAUCA;76001;CALI;1
13/05/2011;11;BOGOTÁ D.C.;11001;BOGOTA, D.C.;1
13/05/2011;76;VALLE DEL CAUCA;76892;YUMBO;1
18/05/2011;5;ANTIOQUIA;5001;MEDELLIN;1
18/05/2011;11;BOGOTÁ D.C.;11001;BOGOTA, D.C.;1
19/05/2011;15;BOYACÁ;15516;PAIPA;1
19/05/2011;76;VALLE DEL CAUCA;76001;CALI;1
23/05/2011;11;BOGOTÁ D.C.;11001;BOGOTA, D.C.;1
25/05/2011;19;CAUCA;19001;POPAYAN;1
26/05/2011;11;BOGOTÁ D.C.;11001;BOGOTA, D.C.;1
30/05/2011;11;BOGOTÁ D.C.;11001;BOGOTA, D.C.;1
3/06/2011;44;LA GUAJIRA;44001;RIOHACHA;1
7/06/2011;47;MAGDALENA;47001;SANTA MARTA;1
10/06/2011;11;BOGOTÁ D.C.;11001;BOGOTA, D.C.;1
20/06/2011;11;BOGOTÁ D.C.;11001;BOGOTA, D.C.;1
30/06/2011;17;CALDAS;17001;MANIZALES;1
12/07/2011;11;BOGOTÁ D.C.;11001;BOGOTA, D.C.;2
15/07/2011;11;BOGOTÁ D.C.;11001;BOGOTA, D.C.;1
18/07/2011;11;BOGOTÁ D.C.;11001;BOGOTA, D.C.;1
21/07/2011;13;BOLÍVAR;13140;CALAMAR;1
22/07/2011;11;BOGOTÁ D.C.;11001;BOGOTA, D.C.;1
22/07/2011;76;VALLE DEL CAUCA;76001;CALI;1
23/07/2011;15;BOYACÁ;15759;SOGAMOSO;1
1/08/2011;76;VALLE DEL CAUCA;76834;TULUA;1
10/08/2011;11;BOGOTÁ D.C.;11001;BOGOTA, D.C.;1
12/08/2011;5;ANTIOQUIA;5001;MEDELLIN;1
19/08/2011;11;BOGOTÁ D.C.;11001;BOGOTA, D.C.;1
26/08/2011;5;ANTIOQUIA;5001;MEDELLIN;1
29/08/2011;11;BOGOTÁ D.C.;11001;BOGOTA, D.C.;1
31/08/2011;8;ATLÁNTICO;8001;BARRANQUILLA;1
6/09/2011;8;ATLÁNTICO;8001;BARRANQUILLA;1
13/09/2011;76;VALLE DEL CAUCA;76001;CALI;1
19/09/2011;5;ANTIOQUIA;5360;ITAGUI;1
26/09/2011;11;BOGOTÁ D.C.;11001;BOGOTA, D.C.;1
28/09/2011;11;BOGOTÁ D.C.;11001;BOGOTA, D.C.;1
29/09/2011;11;BOGOTÁ D.C.;11001;BOGOTA, D.C.;1
4/10/2011;11;BOGOTÁ D.C.;11001;BOGOTA, D.C.;2
5/10/2011;11;BOGOTÁ D.C.;11001;BOGOTA, D.C.;1
5/10/2011;47;MAGDALENA;47053;ARACATACA;1
7/10/2011;5;ANTIOQUIA;5360;ITAGUI;1
10/10/2011;8;ATLÁNTICO;8001;BARRANQUILLA;1
11/10/2011;76;VALLE DEL CAUCA;76001;CALI;1
2/11/2011;5;ANTIOQUIA;5001;MEDELLIN;1
3/11/2011;5;ANTIOQUIA;5266;ENVIGADO;1
3/11/2011;8;ATLÁNTICO;8001;BARRANQUILLA;1
3/11/2011;11;BOGOTÁ D.C.;11001;BOGOTA, D.C.;1
4/11/2011;11;BOGOTÁ D.C.;11001;BOGOTA, D.C.;1
9/11/2011;11;BOGOTÁ D.C.;11001;BOGOTA, D.C.;1
10/11/2011;11;BOGOTÁ D.C.;11001;BOGOTA, D.C.;1
10/11/2011;76;VALLE DEL CAUCA;76275;FLORIDA;1
15/11/2011;11;BOGOTÁ D.C.;11001;BOGOTA, D.C.;2
18/11/2011;44;LA GUAJIRA;44430;MAICAO;1
21/11/2011;76;VALLE DEL CAUCA;76111;GUADALAJARA DE BUGA;1
25/11/2011;5;ANTIOQUIA;5001;MEDELLIN;1
27/11/2011;8;ATLÁNTICO;8001;BARRANQUILLA;1
30/11/2011;11;BOGOTÁ D.C.;11001;BOGOTA, D.C.;1
1/12/2011;5;ANTIOQUIA;5266;ENVIGADO;1
2/12/2011;13;BOLÍVAR;13001;CARTAGENA;1
5/12/2011;5;ANTIOQUIA;5001;MEDELLIN;1
8/12/2011;17;CALDAS;17088;BELALCAZAR;1
9/12/2011;11;BOGOTÁ D.C.;11001;BOGOTA, D.C.;1
10/12/2011;8;ATLÁNTICO;8001;BARRANQUILLA;1
12/12/2011;76;VALLE DEL CAUCA;76520;PALMIRA;1
20/12/2011;70;SUCRE;70708;SAN MARCOS;1
27/12/2011;73;TOLIMA;73001;IBAGUE;1
9/01/2012;8;ATLÁNTICO;8001;BARRANQUILLA;1
10/01/2012;11;BOGOTÁ D.C.;11001;BOGOTA, D.C.;1
11/01/2012;5;ANTIOQUIA;5001;MEDELLIN;1
12/01/2012;11;BOGOTÁ D.C.;11001;BOGOTA, D.C.;2
13/01/2012;11;BOGOTÁ D.C.;11001;BOGOTA, D.C.;1
17/01/2012;11;BOGOTÁ D.C.;11001;BOGOTA, D.C.;1
19/01/2012;5;ANTIOQUIA;5129;CALDAS;2
19/01/2012;13;BOLÍVAR;13001;CARTAGENA;1
20/01/2012;5;ANTIOQUIA;5001;MEDELLIN;1
20/01/2012;11;BOGOTÁ D.C.;11001;BOGOTA, D.C.;1
24/01/2012;11;BOGOTÁ D.C.;11001;BOGOTA, D.C.;1
27/01/2012;5;ANTIOQUIA;5001;MEDELLIN;1
30/01/2012;76;VALLE DEL CAUCA;76001;CALI;1
31/01/2012;11;BOGOTÁ D.C.;11001;BOGOTA, D.C.;1
31/01/2012;76;VALLE DEL CAUCA;76001;CALI;1
1/02/2012;76;VALLE DEL CAUCA;76001;CALI;1
2/02/2012;20;CESAR;20238;EL COPEY;1
6/02/2012;8;ATLÁNTICO;8573;PUERTO COLOMBIA;1
9/02/2012;20;CESAR;20013;AGUSTIN CODAZZI;1
10/02/2012;5;ANTIOQUIA;5631;SABANETA;1
23/02/2012;11;BOGOTÁ D.C.;11001;BOGOTA, D.C.;3
24/02/2012;20;CESAR;20517;PAILITAS;1
27/02/2012;11;BOGOTÁ D.C.;11001;BOGOTA, D.C.;1
27/02/2012;13;BOLÍVAR;13001;CARTAGENA;1
1/03/2012;8;ATLÁNTICO;8001;BARRANQUILLA;1
6/03/2012;11;BOGOTÁ D.C.;11001;BOGOTA, D.C.;1
20/03/2012;11;BOGOTÁ D.C.;11001;BOGOTA, D.C.;1
7/04/2012;47;MAGDALENA;47001;SANTA MARTA;1
9/04/2012;5;ANTIOQUIA;5861;VENECIA;1
12/04/2012;11;BOGOTÁ D.C.;11001;BOGOTA, D.C.;1
23/04/2012;11;BOGOTÁ D.C.;11001;BOGOTA, D.C.;1
25/04/2012;11;BOGOTÁ D.C.;11001;BOGOTA, D.C.;1
3/05/2012;11;BOGOTÁ D.C.;11001;BOGOTA, D.C.;2
7/05/2012;5;ANTIOQUIA;5001;MEDELLIN;1
7/05/2012;47;MAGDALENA;47001;SANTA MARTA;1
24/05/2012;11;BOGOTÁ D.C.;11001;BOGOTA, D.C.;1
25/05/2012;11;BOGOTÁ D.C.;11001;BOGOTA, D.C.;1
30/05/2012;8;ATLÁNTICO;8001;BARRANQUILLA;1
31/05/2012;11;BOGOTÁ D.C.;11001;BOGOTA, D.C.;1
1/06/2012;19;CAUCA;19142;CALOTO;1
7/06/2012;11;BOGOTÁ D.C.;11001;BOGOTA, D.C.;1
8/06/2012;11;BOGOTÁ D.C.;11001;BOGOTA, D.C.;1
12/06/2012;76;VALLE DEL CAUCA;76001;CALI;1
22/06/2012;8;ATLÁNTICO;8001;BARRANQUILLA;1
27/06/2012;8;ATLÁNTICO;8001;BARRANQUILLA;1
1/07/2012;19;CAUCA;19418;LOPEZ;1
11/07/2012;68;SANTANDER;68001;BUCARAMANGA;1
13/07/2012;5;ANTIOQUIA;5001;MEDELLIN;1
13/07/2012;47;MAGDALENA;47189;CIENAGA;1
16/07/2012;73;TOLIMA;73001;IBAGUE;1
19/07/2012;8;ATLÁNTICO;8001;BARRANQUILLA;1
25/07/2012;8;ATLÁNTICO;8001;BARRANQUILLA;1
26/07/2012;11;BOGOTÁ D.C.;11001;BOGOTA, D.C.;1
27/07/2012;11;BOGOTÁ D.C.;11001;BOGOTA, D.C.;1
30/07/2012;11;BOGOTÁ D.C.;11001;BOGOTA, D.C.;1
3/08/2012;5;ANTIOQUIA;5001;MEDELLIN;1
8/08/2012;11;BOGOTÁ D.C.;11001;BOGOTA, D.C.;1
21/08/2012;50;META;50001;VILLAVICENCIO;1
23/08/2012;11;BOGOTÁ D.C.;11001;BOGOTA, D.C.;1
28/08/2012;11;BOGOTÁ D.C.;11001;BOGOTA, D.C.;1
3/09/2012;8;ATLÁNTICO;8001;BARRANQUILLA;1
7/09/2012;47;MAGDALENA;47001;SANTA MARTA;1
10/09/2012;11;BOGOTÁ D.C.;11001;BOGOTA, D.C.;1
11/09/2012;50;META;50001;VILLAVICENCIO;1
15/09/2012;5;ANTIOQUIA;5237;DON MATIAS;1
17/09/2012;47;MAGDALENA;47001;SANTA MARTA;1
26/09/2012;8;ATLÁNTICO;8001;BARRANQUILLA;1
26/09/2012;11;BOGOTÁ D.C.;11001;BOGOTA, D.C.;1
26/09/2012;47;MAGDALENA;47001;SANTA MARTA;1
5/10/2012;5;ANTIOQUIA;5001;MEDELLIN;1
9/10/2012;11;BOGOTÁ D.C.;11001;BOGOTA, D.C.;1
10/10/2012;47;MAGDALENA;47288;FUNDACION;1
11/10/2012;8;ATLÁNTICO;8436;MANATI;1
20/10/2012;47;MAGDALENA;47288;FUNDACION;1
26/10/2012;47;MAGDALENA;47001;SANTA MARTA;1
1/11/2012;50;META;50573;PUERTO LOPEZ;1
2/11/2012;8;ATLÁNTICO;8001;BARRANQUILLA;1
7/11/2012;11;BOGOTÁ D.C.;11001;BOGOTA, D.C.;1
9/11/2012;76;VALLE DEL CAUCA;76001;CALI;1
13/11/2012;11;BOGOTÁ D.C.;11001;BOGOTA, D.C.;2
14/11/2012;11;BOGOTÁ D.C.;11001;BOGOTA, D.C.;1
16/11/2012;8;ATLÁNTICO;8001;BARRANQUILLA;2
23/11/2012;76;VALLE DEL CAUCA;76001;CALI;1
27/11/2012;47;MAGDALENA;47555;PLATO;1
28/11/2012;5;ANTIOQUIA;5631;SABANETA;1
28/11/2012;11;BOGOTÁ D.C.;11001;BOGOTA, D.C.;1
29/11/2012;8;ATLÁNTICO;8606;REPELON;1
30/11/2012;8;ATLÁNTICO;8001;BARRANQUILLA;1
5/12/2012;8;ATLÁNTICO;8001;BARRANQUILLA;1
11/12/2012;70;SUCRE;70717;SAN PEDRO;1
13/12/2012;5;ANTIOQUIA;5001;MEDELLIN;1
13/12/2012;47;MAGDALENA;47001;SANTA MARTA;1
19/12/2012;5;ANTIOQUIA;5001;MEDELLIN;1
20/12/2012;5;ANTIOQUIA;5001;MEDELLIN;1
23/12/2012;41;HUILA;41551;PITALITO;1
28/12/2012;8;ATLÁNTICO;8001;BARRANQUILLA;1
4/01/2013;5;ANTIOQUIA;5001;MEDELLIN;1
9/01/2013;23;CÓRDOBA;23079;BUENAVISTA;1
14/01/2013;5;ANTIOQUIA;5001;MEDELLIN;1
16/01/2013;5;ANTIOQUIA;5001;MEDELLIN;1
22/01/2013;76;VALLE DEL CAUCA;76130;CANDELARIA;1
28/01/2013;5;ANTIOQUIA;5001;MEDELLIN;1
4/02/2013;5;ANTIOQUIA;5001;MEDELLIN;2
4/02/2013;47;MAGDALENA;47001;SANTA MARTA;1
4/02/2013;47;MAGDALENA;47288;FUNDACION;1
7/02/2013;5;ANTIOQUIA;5001;MEDELLIN;1
13/02/2013;5;ANTIOQUIA;5001;MEDELLIN;1
13/02/2013;11;BOGOTÁ D.C.;11001;BOGOTA, D.C.;2
14/02/2013;20;CESAR;20175;CHIMICHAGUA;1
14/02/2013;76;VALLE DEL CAUCA;76001;CALI;1
21/02/2013;11;BOGOTÁ D.C.;11001;BOGOTA, D.C.;1
25/02/2013;5;ANTIOQUIA;5001;MEDELLIN;1
7/03/2013;5;ANTIOQUIA;5266;ENVIGADO;1
8/03/2013;47;MAGDALENA;47001;SANTA MARTA;1
8/03/2013;76;VALLE DEL CAUCA;76520;PALMIRA;1
13/03/2013;5;ANTIOQUIA;5001;MEDELLIN;1
15/03/2013;5;ANTIOQUIA;5615;RIONEGRO;1
15/03/2013;11;BOGOTÁ D.C.;11001;BOGOTA, D.C.;1
19/03/2013;11;BOGOTÁ D.C.;11001;BOGOTA, D.C.;1
22/03/2013;8;ATLÁNTICO;8001;BARRANQUILLA;1
25/03/2013;52;NARIÑO;52356;IPIALES;1
26/03/2013;5;ANTIOQUIA;5001;MEDELLIN;1
3/04/2013;47;MAGDALENA;47660;SABANAS DE SAN ANGEL;1
5/04/2013;5;ANTIOQUIA;5001;MEDELLIN;1
6/04/2013;5;ANTIOQUIA;5088;BELLO;1
12/04/2013;41;HUILA;41001;NEIVA;1
17/04/2013;5;ANTIOQUIA;5001;MEDELLIN;1
25/04/2013;68;SANTANDER;68406;LEBRIJA;1
1/05/2013;5;ANTIOQUIA;5266;ENVIGADO;1
8/05/2013;41;HUILA;41001;NEIVA;1
14/05/2013;5;ANTIOQUIA;5001;MEDELLIN;1
16/05/2013;5;ANTIOQUIA;5360;ITAGUI;1
17/05/2013;5;ANTIOQUIA;5001;MEDELLIN;1
23/05/2013;5;ANTIOQUIA;5001;MEDELLIN;1
24/05/2013;8;ATLÁNTICO;8001;BARRANQUILLA;1
27/05/2013;23;CÓRDOBA;23555;PLANETA RICA;1
29/05/2013;8;ATLÁNTICO;8372;JUAN DE ACOSTA;1
30/05/2013;5;ANTIOQUIA;5088;BELLO;1
4/06/2013;5;ANTIOQUIA;5001;MEDELLIN;1
5/06/2013;5;ANTIOQUIA;5001;MEDELLIN;1
6/06/2013;13;BOLÍVAR;13654;SAN JACINTO;1
6/06/2013;54;NORTE DE SANTANDER;54418;LOURDES;1
13/06/2013;5;ANTIOQUIA;5001;MEDELLIN;1
15/07/2013;5;ANTIOQUIA;5002;ABEJORRAL;1
19/07/2013;41;HUILA;41001;NEIVA;1
21/07/2013;5;ANTIOQUIA;5001;MEDELLIN;1
26/07/2013;11;BOGOTÁ D.C.;11001;BOGOTA, D.C.;1
27/07/2013;41;HUILA;41001;NEIVA;1
8/08/2013;8;ATLÁNTICO;8001;BARRANQUILLA;1
8/08/2013;13;BOLÍVAR;13001;CARTAGENA;1
9/08/2013;11;BOGOTÁ D.C.;11001;BOGOTA, D.C.;1
14/08/2013;54;NORTE DE SANTANDER;54206;CONVENCION;1
26/08/2013;8;ATLÁNTICO;8758;SOLEDAD;1
2/09/2013;47;MAGDALENA;47001;SANTA MARTA;1
4/09/2013;8;ATLÁNTICO;8433;MALAMBO;1
17/09/2013;11;BOGOTÁ D.C.;11001;BOGOTA, D.C.;1
17/09/2013;50;META;50001;VILLAVICENCIO;1
20/09/2013;8;ATLÁNTICO;8001;BARRANQUILLA;1
21/09/2013;47;MAGDALENA;47001;SANTA MARTA;1
27/09/2013;8;ATLÁNTICO;8141;CANDELARIA;1
30/09/2013;8;ATLÁNTICO;8573;PUERTO COLOMBIA;1
3/10/2013;11;BOGOTÁ D.C.;11001;BOGOTA, D.C.;1
4/10/2013;70;SUCRE;70001;SINCELEJO;1
15/10/2013;47;MAGDALENA;47288;FUNDACION;1
21/10/2013;8;ATLÁNTICO;8296;GALAPA;1
23/10/2013;5;ANTIOQUIA;5001;MEDELLIN;1
30/10/2013;23;CÓRDOBA;23001;MONTERIA;1
7/11/2013;11;BOGOTÁ D.C.;11001;BOGOTA, D.C.;1
12/11/2013;8;ATLÁNTICO;8001;BARRANQUILLA;1
15/11/2013;8;ATLÁNTICO;8001;BARRANQUILLA;1
19/11/2013;11;BOGOTÁ D.C.;11001;BOGOTA, D.C.;1
22/11/2013;76;VALLE DEL CAUCA;76001;CALI;1
26/11/2013;5;ANTIOQUIA;5001;MEDELLIN;1
27/11/2013;8;ATLÁNTICO;8001;BARRANQUILLA;1
28/11/2013;11;BOGOTÁ D.C.;11001;BOGOTA, D.C.;1
2/12/2013;8;ATLÁNTICO;8078;BARANOA;1
6/12/2013;5;ANTIOQUIA;5001;MEDELLIN;1
12/12/2013;20;CESAR;20750;SAN DIEGO;1
12/12/2013;76;VALLE DEL CAUCA;76364;JAMUNDI;1
19/12/2013;11;BOGOTÁ D.C.;11001;BOGOTA, D.C.;1
24/12/2013;11;BOGOTÁ D.C.;11001;BOGOTA, D.C.;1
27/12/2013;11;BOGOTÁ D.C.;11001;BOGOTA, D.C.;1
28/12/2013;5;ANTIOQUIA;5001;MEDELLIN;1
28/12/2013;91;AMAZONAS;91001;LETICIA;1
7/01/2014;11;BOGOTÁ D.C.;11001;BOGOTA, D.C.;1
8/01/2014;11;BOGOTÁ D.C.;11001;BOGOTA, D.C.;1
15/01/2014;11;BOGOTÁ D.C.;11001;BOGOTA, D.C.;2
15/01/2014;76;VALLE DEL CAUCA;76001;CALI;1
17/01/2014;11;BOGOTÁ D.C.;11001;BOGOTA, D.C.;1
17/01/2014;13;BOLÍVAR;13001;CARTAGENA;1
22/01/2014;11;BOGOTÁ D.C.;11001;BOGOTA, D.C.;1
23/01/2014;11;BOGOTÁ D.C.;11001;BOGOTA, D.C.;1
28/01/2014;20;CESAR;20001;VALLEDUPAR;1
29/01/2014;11;BOGOTÁ D.C.;11001;BOGOTA, D.C.;2
30/01/2014;8;ATLÁNTICO;8001;BARRANQUILLA;1
30/01/2014;20;CESAR;20238;EL COPEY;1
1/02/2014;66;RISARALDA;66001;PEREIRA;1
3/02/2014;8;ATLÁNTICO;8001;BARRANQUILLA;1
3/02/2014;11;BOGOTÁ D.C.;11001;BOGOTA, D.C.;1
4/02/2014;76;VALLE DEL CAUCA;76001;CALI;1
6/02/2014;11;BOGOTÁ D.C.;11001;BOGOTA, D.C.;2
12/02/2014;11;BOGOTÁ D.C.;11001;BOGOTA, D.C.;1
13/02/2014;11;BOGOTÁ D.C.;11001;BOGOTA, D.C.;1
14/02/2014;8;ATLÁNTICO;8001;BARRANQUILLA;1
21/02/2014;85;CASANARE;85250;PAZ DE ARIPORO;1
27/02/2014;11;BOGOTÁ D.C.;11001;BOGOTA, D.C.;1
28/02/2014;11;BOGOTÁ D.C.;11001;BOGOTA, D.C.;1
4/03/2014;13;BOLÍVAR;13001;CARTAGENA;1
6/03/2014;11;BOGOTÁ D.C.;11001;BOGOTA, D.C.;1
11/03/2014;8;ATLÁNTICO;8001;BARRANQUILLA;1
11/03/2014;25;CUNDINAMARCA;25290;FUSAGASUGA;1
14/03/2014;11;BOGOTÁ D.C.;11001;BOGOTA, D.C.;1
18/03/2014;23;CÓRDOBA;23660;SAHAGUN;1
21/03/2014;11;BOGOTÁ D.C.;11001;BOGOTA, D.C.;1
21/03/2014;66;RISARALDA;66001;PEREIRA;1
2/04/2014;11;BOGOTÁ D.C.;11001;BOGOTA, D.C.;1
3/04/2014;8;ATLÁNTICO;8001;BARRANQUILLA;1
4/04/2014;41;HUILA;41872;VILLAVIEJA;1
9/04/2014;8;ATLÁNTICO;8001;BARRANQUILLA;1
10/04/2014;11;BOGOTÁ D.C.;11001;BOGOTA, D.C.;1
15/04/2014;11;BOGOTÁ D.C.;11001;BOGOTA, D.C.;1
16/04/2014;50;META;50001;VILLAVICENCIO;1
22/04/2014;11;BOGOTÁ D.C.;11001;BOGOTA, D.C.;1
25/04/2014;11;BOGOTÁ D.C.;11001;BOGOTA, D.C.;1
7/05/2014;11;BOGOTÁ D.C.;11001;BOGOTA, D.C.;1
8/05/2014;85;CASANARE;85440;VILLANUEVA;1
9/05/2014;76;VALLE DEL CAUCA;76001;CALI;1
14/05/2014;8;ATLÁNTICO;8001;BARRANQUILLA;1
17/05/2014;19;CAUCA;19142;CALOTO;1
18/05/2014;5;ANTIOQUIA;5001;MEDELLIN;1
21/05/2014;8;ATLÁNTICO;8001;BARRANQUILLA;1
26/05/2014;11;BOGOTÁ D.C.;11001;BOGOTA, D.C.;1
4/06/2014;11;BOGOTÁ D.C.;11001;BOGOTA, D.C.;1
5/06/2014;8;ATLÁNTICO;8001;BARRANQUILLA;1
5/06/2014;11;BOGOTÁ D.C.;11001;BOGOTA, D.C.;1
6/06/2014;8;ATLÁNTICO;8001;BARRANQUILLA;1
17/06/2014;8;ATLÁNTICO;8001;BARRANQUILLA;1
25/06/2014;41;HUILA;41349;HOBO;1
5/07/2014;76;VALLE DEL CAUCA;76122;CAICEDONIA;1
17/07/2014;76;VALLE DEL CAUCA;76001;CALI;1
18/07/2014;50;META;50006;ACACIAS;1
25/07/2014;8;ATLÁNTICO;8573;PUERTO COLOMBIA;1
4/08/2014;8;ATLÁNTICO;8001;BARRANQUILLA;1
5/08/2014;11;BOGOTÁ D.C.;11001;BOGOTA, D.C.;1
11/08/2014;63;QUINDÍO;63401;LA TEBAIDA;1
13/08/2014;13;BOLÍVAR;13001;CARTAGENA;1
20/08/2014;68;SANTANDER;68001;BUCARAMANGA;1
22/08/2014;13;BOLÍVAR;13140;CALAMAR;1
26/08/2014;85;CASANARE;85440;VILLANUEVA;1
1/09/2014;11;BOGOTÁ D.C.;11001;BOGOTA, D.C.;1
2/09/2014;11;BOGOTÁ D.C.;11001;BOGOTA, D.C.;1
4/09/2014;50;META;50001;VILLAVICENCIO;1
4/09/2014;73;TOLIMA;73001;IBAGUE;1
9/09/2014;47;MAGDALENA;47707;SANTA ANA;1
12/09/2014;11;BOGOTÁ D.C.;11001;BOGOTA, D.C.;1
15/09/2014;68;SANTANDER;68001;BUCARAMANGA;1
18/09/2014;11;BOGOTÁ D.C.;11001;BOGOTA, D.C.;1
23/09/2014;11;BOGOTÁ D.C.;11001;BOGOTA, D.C.;1
25/09/2014;11;BOGOTÁ D.C.;11001;BOGOTA, D.C.;1
26/09/2014;8;ATLÁNTICO;8758;SOLEDAD;1
26/09/2014;41;HUILA;41001;NEIVA;1
26/09/2014;50;META;50006;ACACIAS;1
1/10/2014;5;ANTIOQUIA;5212;COPACABANA;1
9/10/2014;15;BOYACÁ;15001;TUNJA;1
10/10/2014;50;META;50568;PUERTO GAITAN;1
14/10/2014;13;BOLÍVAR;13001;CARTAGENA;1
15/10/2014;11;BOGOTÁ D.C.;11001;BOGOTA, D.C.;1
18/10/2014;11;BOGOTÁ D.C.;11001;BOGOTA, D.C.;1
21/10/2014;11;BOGOTÁ D.C.;11001;BOGOTA, D.C.;1
28/10/2014;11;BOGOTÁ D.C.;11001;BOGOTA, D.C.;1
30/10/2014;70;SUCRE;70418;LOS PALMITOS;1
31/10/2014;11;BOGOTÁ D.C.;11001;BOGOTA, D.C.;1
4/11/2014;23;CÓRDOBA;23670;SAN ANDRES SOTAVENTO;1
5/11/2014;47;MAGDALENA;47707;SANTA ANA;1
6/11/2014;5;ANTIOQUIA;5001;MEDELLIN;1
7/11/2014;52;NARIÑO;52001;PASTO;1
10/11/2014;5;ANTIOQUIA;5001;MEDELLIN;1
10/11/2014;5;ANTIOQUIA;5400;LA UNION;1
13/11/2014;5;ANTIOQUIA;5001;MEDELLIN;1
14/11/2014;11;BOGOTÁ D.C.;11001;BOGOTA, D.C.;1
24/11/2014;25;CUNDINAMARCA;25035;ANAPOIMA;1
28/11/2014;8;ATLÁNTICO;8573;PUERTO COLOMBIA;1
28/11/2014;50;META;50006;ACACIAS;1
28/11/2014;85;CASANARE;85440;VILLANUEVA;1
9/12/2014;5;ANTIOQUIA;5172;CHIGORODO;1
10/12/2014;76;VALLE DEL CAUCA;76670;SAN PEDRO;1
18/12/2014;15;BOYACÁ;15572;PUERTO BOYACA;1
18/12/2014;23;CÓRDOBA;23807;TIERRALTA;1
19/12/2014;5;ANTIOQUIA;5615;RIONEGRO;1
6/01/2015;11;BOGOTÁ D.C.;11001;BOGOTA, D.C.;1
7/01/2015;47;MAGDALENA;47170;CHIBOLO;1
9/01/2015;5;ANTIOQUIA;5001;MEDELLIN;1
13/01/2015;76;VALLE DEL CAUCA;76892;YUMBO;1
15/01/2015;5;ANTIOQUIA;5212;COPACABANA;1
16/01/2015;19;CAUCA;19418;LOPEZ;1
25/01/2015;20;CESAR;20228;CURUMANI;1
28/01/2015;13;BOLÍVAR;13001;CARTAGENA;1
28/01/2015;76;VALLE DEL CAUCA;76001;CALI;1
29/01/2015;47;MAGDALENA;47001;SANTA MARTA;1
30/01/2015;11;BOGOTÁ D.C.;11001;BOGOTA, D.C.;1
10/02/2015;8;ATLÁNTICO;8001;BARRANQUILLA;1
12/02/2015;11;BOGOTÁ D.C.;11001;BOGOTA, D.C.;1
17/02/2015;11;BOGOTÁ D.C.;11001;BOGOTA, D.C.;1
19/02/2015;11;BOGOTÁ D.C.;11001;BOGOTA, D.C.;1
24/02/2015;11;BOGOTÁ D.C.;11001;BOGOTA, D.C.;1
27/02/2015;8;ATLÁNTICO;8001;BARRANQUILLA;1
27/02/2015;50;META;50001;VILLAVICENCIO;1
6/03/2015;11;BOGOTÁ D.C.;11001;BOGOTA, D.C.;1
10/03/2015;5;ANTIOQUIA;5541;PEÑOL;1
10/03/2015;11;BOGOTÁ D.C.;11001;BOGOTA, D.C.;1
11/03/2015;68;SANTANDER;68001;BUCARAMANGA;1
16/03/2015;11;BOGOTÁ D.C.;11001;BOGOTA, D.C.;1
18/03/2015;11;BOGOTÁ D.C.;11001;BOGOTA, D.C.;1
18/03/2015;70;SUCRE;70820;SANTIAGO DE TOLU;1
19/03/2015;68;SANTANDER;68001;BUCARAMANGA;1
20/03/2015;23;CÓRDOBA;23417;LORICA;1
25/03/2015;76;VALLE DEL CAUCA;76001;CALI;1
26/03/2015;76;VALLE DEL CAUCA;76001;CALI;1
30/03/2015;66;RISARALDA;66170;DOSQUEBRADAS;1
1/04/2015;5;ANTIOQUIA;5541;PEÑOL;1
6/04/2015;76;VALLE DEL CAUCA;76001;CALI;2
8/04/2015;66;RISARALDA;66001;PEREIRA;1
10/04/2015;5;ANTIOQUIA;5001;MEDELLIN;1
15/04/2015;66;RISARALDA;66001;PEREIRA;1
16/04/2015;11;BOGOTÁ D.C.;11001;BOGOTA, D.C.;2
18/04/2015;8;ATLÁNTICO;8573;PUERTO COLOMBIA;1
21/04/2015;11;BOGOTÁ D.C.;11001;BOGOTA, D.C.;1
23/04/2015;11;BOGOTÁ D.C.;11001;BOGOTA, D.C.;1
24/04/2015;20;CESAR;20178;CHIRIGUANA;1
24/04/2015;44;LA GUAJIRA;44001;RIOHACHA;1
3/05/2015;8;ATLÁNTICO;8001;BARRANQUILLA;1
4/05/2015;11;BOGOTÁ D.C.;11001;BOGOTA, D.C.;1
6/05/2015;50;META;50318;GUAMAL;1
7/05/2015;76;VALLE DEL CAUCA;76001;CALI;1
8/05/2015;5;ANTIOQUIA;5001;MEDELLIN;1
11/05/2015;91;AMAZONAS;91001;LETICIA;1
19/05/2015;76;VALLE DEL CAUCA;76001;CALI;1
22/05/2015;20;CESAR;20001;VALLEDUPAR;1
25/05/2015;11;BOGOTÁ D.C.;11001;BOGOTA, D.C.;1
25/05/2015;68;SANTANDER;68081;BARRANCABERMEJA;1
26/05/2015;11;BOGOTÁ D.C.;11001;BOGOTA, D.C.;1
28/05/2015;50;META;50006;ACACIAS;1
2/06/2015;70;SUCRE;70235;GALERAS;1
4/06/2015;11;BOGOTÁ D.C.;11001;BOGOTA, D.C.;3
24/06/2015;11;BOGOTÁ D.C.;11001;BOGOTA, D.C.;1
25/06/2015;11;BOGOTÁ D.C.;11001;BOGOTA, D.C.;1
1/07/2015;23;CÓRDOBA;23189;CIENAGA DE ORO;1
7/07/2015;11;BOGOTÁ D.C.;11001;BOGOTA, D.C.;1
13/07/2015;5;ANTIOQUIA;5101;CIUDAD BOLIVAR;1
15/07/2015;11;BOGOTÁ D.C.;11001;BOGOTA, D.C.;1
22/07/2015;76;VALLE DEL CAUCA;76001;CALI;1
24/07/2015;76;VALLE DEL CAUCA;76364;JAMUNDI;1
30/07/2015;5;ANTIOQUIA;5001;MEDELLIN;1
3/08/2015;5;ANTIOQUIA;5001;MEDELLIN;1
4/08/2015;66;RISARALDA;66170;DOSQUEBRADAS;1
9/08/2015;47;MAGDALENA;47161;CERRO SAN ANTONIO;1
10/08/2015;11;BOGOTÁ D.C.;11001;BOGOTA, D.C.;1
11/08/2015;5;ANTIOQUIA;5001;MEDELLIN;1
18/08/2015;11;BOGOTÁ D.C.;11001;BOGOTA, D.C.;1
18/08/2015;20;CESAR;20011;AGUACHICA;1
25/08/2015;11;BOGOTÁ D.C.;11001;BOGOTA, D.C.;1
26/08/2015;11;BOGOTÁ D.C.;11001;BOGOTA, D.C.;1
1/09/2015;76;VALLE DEL CAUCA;76001;CALI;1
2/09/2015;11;BOGOTÁ D.C.;11001;BOGOTA, D.C.;1
2/09/2015;66;RISARALDA;66001;PEREIRA;1
5/09/2015;5;ANTIOQUIA;5282;FREDONIA;1
8/09/2015;44;LA GUAJIRA;44001;RIOHACHA;1
12/09/2015;5;ANTIOQUIA;5129;CALDAS;1
13/09/2015;5;ANTIOQUIA;5380;LA ESTRELLA;1
16/09/2015;11;BOGOTÁ D.C.;11001;BOGOTA, D.C.;1
17/09/2015;11;BOGOTÁ D.C.;11001;BOGOTA, D.C.;1
18/09/2015;11;BOGOTÁ D.C.;11001;BOGOTA, D.C.;1
22/09/2015;5;ANTIOQUIA;5129;CALDAS;1
22/09/2015;50;META;50001;VILLAVICENCIO;1
26/09/2015;11;BOGOTÁ D.C.;11001;BOGOTA, D.C.;1
30/09/2015;76;VALLE DEL CAUCA;76001;CALI;1
6/10/2015;11;BOGOTÁ D.C.;11001;BOGOTA, D.C.;2
9/10/2015;25;CUNDINAMARCA;25290;FUSAGASUGA;1
9/10/2015;25;CUNDINAMARCA;25754;SOACHA;1
13/10/2015;5;ANTIOQUIA;5088;BELLO;1
16/10/2015;47;MAGDALENA;47288;FUNDACION;1
16/10/2015;66;RISARALDA;66001;PEREIRA;1
19/10/2015;5;ANTIOQUIA;5001;MEDELLIN;1
20/10/2015;11;BOGOTÁ D.C.;11001;BOGOTA, D.C.;1
28/10/2015;11;BOGOTÁ D.C.;11001;BOGOTA, D.C.;1
3/11/2015;11;BOGOTÁ D.C.;11001;BOGOTA, D.C.;1
4/11/2015;76;VALLE DEL CAUCA;76001;CALI;1
11/11/2015;11;BOGOTÁ D.C.;11001;BOGOTA, D.C.;1
12/11/2015;20;CESAR;20011;AGUACHICA;1
23/11/2015;5;ANTIOQUIA;5001;MEDELLIN;1
26/11/2015;11;BOGOTÁ D.C.;11001;BOGOTA, D.C.;1
27/11/2015;47;MAGDALENA;47001;SANTA MARTA;1
29/11/2015;13;BOLÍVAR;13001;CARTAGENA;1
2/12/2015;5;ANTIOQUIA;5031;AMALFI;1
3/12/2015;25;CUNDINAMARCA;25377;LA CALERA;1
11/12/2015;5;ANTIOQUIA;5001;MEDELLIN;1
11/12/2015;5;ANTIOQUIA;5042;SANTAFE DE ANTIOQUIA;1
11/12/2015;11;BOGOTÁ D.C.;11001;BOGOTA, D.C.;1
16/12/2015;11;BOGOTÁ D.C.;11001;BOGOTA, D.C.;1
22/12/2015;11;BOGOTÁ D.C.;11001;BOGOTA, D.C.;1
23/12/2015;11;BOGOTÁ D.C.;11001;BOGOTA, D.C.;1
24/12/2015;5;ANTIOQUIA;5380;LA ESTRELLA;1
24/12/2015;8;ATLÁNTICO;8433;MALAMBO;1
30/12/2015;20;CESAR;20001;VALLEDUPAR;1
4/01/2016;25;CUNDINAMARCA;25326;GUATAVITA;1
4/01/2016;66;RISARALDA;66001;PEREIRA;1
5/01/2016;11;BOGOTÁ D.C.;11001;BOGOTA, D.C.;1
7/01/2016;47;MAGDALENA;47001;SANTA MARTA;1
13/01/2016;11;BOGOTÁ D.C.;11001;BOGOTA, D.C.;1
14/01/2016;11;BOGOTÁ D.C.;11001;BOGOTA, D.C.;1
15/01/2016;25;CUNDINAMARCA;25745;SIMIJACA;1
20/01/2016;5;ANTIOQUIA;5088;BELLO;1
20/01/2016;11;BOGOTÁ D.C.;11001;BOGOTA, D.C.;1
21/01/2016;68;SANTANDER;68001;BUCARAMANGA;1
28/01/2016;11;BOGOTÁ D.C.;11001;BOGOTA, D.C.;1
28/01/2016;54;NORTE DE SANTANDER;54206;CONVENCION;1
30/01/2016;13;BOLÍVAR;13001;CARTAGENA;1
30/01/2016;15;BOYACÁ;15804;TIBANA;1
1/02/2016;11;BOGOTÁ D.C.;11001;BOGOTA, D.C.;1
1/02/2016;47;MAGDALENA;47001;SANTA MARTA;1
4/02/2016;5;ANTIOQUIA;5001;MEDELLIN;1
4/02/2016;8;ATLÁNTICO;8758;SOLEDAD;1
9/02/2016;11;BOGOTÁ D.C.;11001;BOGOTA, D.C.;2
16/02/2016;5;ANTIOQUIA;5088;BELLO;1
16/02/2016;47;MAGDALENA;47555;PLATO;1
17/02/2016;11;BOGOTÁ D.C.;11001;BOGOTA, D.C.;1
22/02/2016;44;LA GUAJIRA;44001;RIOHACHA;1
25/02/2016;8;ATLÁNTICO;8001;BARRANQUILLA;1
27/02/2016;20;CESAR;20013;AGUSTIN CODAZZI;1
4/03/2016;8;ATLÁNTICO;8433;MALAMBO;1
9/03/2016;5;ANTIOQUIA;5088;BELLO;1
9/03/2016;11;BOGOTÁ D.C.;11001;BOGOTA, D.C.;1
10/03/2016;5;ANTIOQUIA;5001;MEDELLIN;1
10/03/2016;41;HUILA;41001;NEIVA;1
11/03/2016;70;SUCRE;70508;OVEJAS;1
12/03/2016;5;ANTIOQUIA;5088;BELLO;1
23/03/2016;5;ANTIOQUIA;5001;MEDELLIN;1
23/03/2016;11;BOGOTÁ D.C.;11001;BOGOTA, D.C.;1
23/03/2016;54;NORTE DE SANTANDER;54001;CUCUTA;1
29/03/2016;11;BOGOTÁ D.C.;11001;BOGOTA, D.C.;1
5/04/2016;68;SANTANDER;68081;BARRANCABERMEJA;1
9/04/2016;8;ATLÁNTICO;8758;SOLEDAD;1
11/04/2016;5;ANTIOQUIA;5154;CAUCASIA;1
12/04/2016;5;ANTIOQUIA;5001;MEDELLIN;1
20/04/2016;5;ANTIOQUIA;5001;MEDELLIN;1
21/04/2016;8;ATLÁNTICO;8001;BARRANQUILLA;1
27/04/2016;5;ANTIOQUIA;5001;MEDELLIN;1
28/04/2016;11;BOGOTÁ D.C.;11001;BOGOTA, D.C.;1
29/04/2016;20;CESAR;20013;AGUSTIN CODAZZI;1
30/04/2016;11;BOGOTÁ D.C.;11001;BOGOTA, D.C.;1
12/05/2016;11;BOGOTÁ D.C.;11001;BOGOTA, D.C.;1
13/05/2016;54;NORTE DE SANTANDER;54001;CUCUTA;1
19/05/2016;47;MAGDALENA;47001;SANTA MARTA;1
20/05/2016;5;ANTIOQUIA;5042;SANTAFE DE ANTIOQUIA;1
1/06/2016;13;BOLÍVAR;13001;CARTAGENA;1
3/06/2016;8;ATLÁNTICO;8001;BARRANQUILLA;1
7/06/2016;5;ANTIOQUIA;5001;MEDELLIN;1
8/06/2016;8;ATLÁNTICO;8001;BARRANQUILLA;1
16/06/2016;8;ATLÁNTICO;8758;SOLEDAD;1
17/06/2016;5;ANTIOQUIA;5088;BELLO;1
21/06/2016;8;ATLÁNTICO;8001;BARRANQUILLA;1
22/06/2016;44;LA GUAJIRA;44001;RIOHACHA;1
27/06/2016;5;ANTIOQUIA;5001;MEDELLIN;1
28/06/2016;11;BOGOTÁ D.C.;11001;BOGOTA, D.C.;1
28/06/2016;23;CÓRDOBA;23580;PUERTO LIBERTADOR;1
5/07/2016;5;ANTIOQUIA;5001;MEDELLIN;1
5/07/2016;54;NORTE DE SANTANDER;54001;CUCUTA;1
7/07/2016;5;ANTIOQUIA;5001;MEDELLIN;1
7/07/2016;11;BOGOTÁ D.C.;11001;BOGOTA, D.C.;1
7/07/2016;44;LA GUAJIRA;44035;ALBANIA;1
8/07/2016;8;ATLÁNTICO;8001;BARRANQUILLA;1
12/07/2016;13;BOLÍVAR;13001;CARTAGENA;1
12/07/2016;73;TOLIMA;73443;MARIQUITA;1
14/07/2016;11;BOGOTÁ D.C.;11001;BOGOTA, D.C.;1
14/07/2016;13;BOLÍVAR;13001;CARTAGENA;1
21/07/2016;70;SUCRE;70001;SINCELEJO;1
25/07/2016;5;ANTIOQUIA;5001;MEDELLIN;1
26/07/2016;11;BOGOTÁ D.C.;11001;BOGOTA, D.C.;1
28/07/2016;5;ANTIOQUIA;5088;BELLO;1
30/07/2016;68;SANTANDER;68081;BARRANCABERMEJA;2
4/08/2016;11;BOGOTÁ D.C.;11001;BOGOTA, D.C.;1
5/08/2016;5;ANTIOQUIA;5154;CAUCASIA;1
5/08/2016;11;BOGOTÁ D.C.;11001;BOGOTA, D.C.;1
8/08/2016;5;ANTIOQUIA;5001;MEDELLIN;1
10/08/2016;5;ANTIOQUIA;5266;ENVIGADO;1
10/08/2016;11;BOGOTÁ D.C.;11001;BOGOTA, D.C.;1
10/08/2016;13;BOLÍVAR;13001;CARTAGENA;1
11/08/2016;8;ATLÁNTICO;8001;BARRANQUILLA;1
13/08/2016;8;ATLÁNTICO;8638;SABANALARGA;1
18/08/2016;5;ANTIOQUIA;5001;MEDELLIN;1
18/08/2016;68;SANTANDER;68001;BUCARAMANGA;1
19/08/2016;8;ATLÁNTICO;8001;BARRANQUILLA;1
23/08/2016;20;CESAR;20400;LA JAGUA DE IBIRICO;1
24/08/2016;8;ATLÁNTICO;8001;BARRANQUILLA;1
26/08/2016;8;ATLÁNTICO;8001;BARRANQUILLA;1
3/09/2016;15;BOYACÁ;15572;PUERTO BOYACA;1
6/09/2016;73;TOLIMA;73555;PLANADAS;1
7/09/2016;50;META;50006;ACACIAS;1
9/09/2016;86;PUTUMAYO;86885;VILLAGARZON;1
16/09/2016;5;ANTIOQUIA;5129;CALDAS;1
21/09/2016;68;SANTANDER;68001;BUCARAMANGA;1
22/09/2016;5;ANTIOQUIA;5154;CAUCASIA;1
26/09/2016;66;RISARALDA;66001;PEREIRA;1
27/09/2016;11;BOGOTÁ D.C.;11001;BOGOTA, D.C.;1
3/10/2016;47;MAGDALENA;47555;PLATO;1
4/10/2016;13;BOLÍVAR;13001;CARTAGENA;1
11/10/2016;25;CUNDINAMARCA;25307;GIRARDOT;1
13/10/2016;5;ANTIOQUIA;5266;ENVIGADO;1
18/10/2016;11;BOGOTÁ D.C.;11001;BOGOTA, D.C.;1
27/10/2016;76;VALLE DEL CAUCA;76001;CALI;1
27/10/2016;85;CASANARE;85001;YOPAL;1
1/11/2016;5;ANTIOQUIA;5266;ENVIGADO;1
11/11/2016;5;ANTIOQUIA;5615;RIONEGRO;1
15/11/2016;73;TOLIMA;73001;IBAGUE;1
17/11/2016;11;BOGOTÁ D.C.;11001;BOGOTA, D.C.;1
18/11/2016;20;CESAR;20011;AGUACHICA;1
21/11/2016;5;ANTIOQUIA;5001;MEDELLIN;1
24/11/2016;5;ANTIOQUIA;5001;MEDELLIN;1
25/11/2016;5;ANTIOQUIA;5001;MEDELLIN;1
25/11/2016;68;SANTANDER;68001;BUCARAMANGA;1
27/11/2016;8;ATLÁNTICO;8001;BARRANQUILLA;1
1/12/2016;11;BOGOTÁ D.C.;11001;BOGOTA, D.C.;1
3/12/2016;5;ANTIOQUIA;5656;SAN JERONIMO;1
6/12/2016;17;CALDAS;17001;MANIZALES;1
7/12/2016;66;RISARALDA;66682;SANTA ROSA DE CABAL;1
13/12/2016;54;NORTE DE SANTANDER;54001;CUCUTA;1
14/12/2016;5;ANTIOQUIA;5001;MEDELLIN;1
14/12/2016;11;BOGOTÁ D.C.;11001;BOGOTA, D.C.;1
21/12/2016;11;BOGOTÁ D.C.;11001;BOGOTA, D.C.;1
29/12/2016;11;BOGOTÁ D.C.;11001;BOGOTA, D.C.;1
5/01/2017;5;ANTIOQUIA;5686;SANTA ROSA DE OSOS;1
9/01/2017;73;TOLIMA;73443;MARIQUITA;1
11/01/2017;5;ANTIOQUIA;5001;MEDELLIN;1
18/01/2017;5;ANTIOQUIA;5400;LA UNION;1
18/01/2017;23;CÓRDOBA;23660;SAHAGUN;1
18/01/2017;76;VALLE DEL CAUCA;76001;CALI;1
19/01/2017;11;BOGOTÁ D.C.;11001;BOGOTA, D.C.;1
20/01/2017;5;ANTIOQUIA;5001;MEDELLIN;1
24/01/2017;11;BOGOTÁ D.C.;11001;BOGOTA, D.C.;1
25/01/2017;11;BOGOTÁ D.C.;11001;BOGOTA, D.C.;1
27/01/2017;11;BOGOTÁ D.C.;11001;BOGOTA, D.C.;1
28/01/2017;5;ANTIOQUIA;5756;SONSON;1
1/02/2017;68;SANTANDER;68001;BUCARAMANGA;1
2/02/2017;54;NORTE DE SANTANDER;54001;CUCUTA;1
3/02/2017;19;CAUCA;19001;POPAYAN;1
9/02/2017;11;BOGOTÁ D.C.;11001;BOGOTA, D.C.;1
10/02/2017;11;BOGOTÁ D.C.;11001;BOGOTA, D.C.;1
10/02/2017;76;VALLE DEL CAUCA;76895;ZARZAL;1
14/02/2017;63;QUINDÍO;63001;ARMENIA;1
14/02/2017;76;VALLE DEL CAUCA;76001;CALI;1
20/02/2017;47;MAGDALENA;47001;SANTA MARTA;1
20/02/2017;73;TOLIMA;73001;IBAGUE;1
28/02/2017;68;SANTANDER;68081;BARRANCABERMEJA;2
2/03/2017;70;SUCRE;70001;SINCELEJO;1
3/03/2017;13;BOLÍVAR;13836;TURBACO;1
3/03/2017;54;NORTE DE SANTANDER;54206;CONVENCION;1
5/03/2017;25;CUNDINAMARCA;25175;CHIA;1
8/03/2017;5;ANTIOQUIA;5001;MEDELLIN;1
10/03/2017;13;BOLÍVAR;13052;ARJONA;1
14/03/2017;20;CESAR;20011;AGUACHICA;1
21/03/2017;8;ATLÁNTICO;8758;SOLEDAD;1
23/03/2017;70;SUCRE;70820;SANTIAGO DE TOLU;1
27/03/2017;5;ANTIOQUIA;5001;MEDELLIN;1
30/03/2017;68;SANTANDER;68081;BARRANCABERMEJA;1
4/04/2017;76;VALLE DEL CAUCA;76001;CALI;1
6/04/2017;8;ATLÁNTICO;8001;BARRANQUILLA;1
10/04/2017;5;ANTIOQUIA;5001;MEDELLIN;1
22/04/2017;70;SUCRE;70670;SAMPUES;1
25/04/2017;11;BOGOTÁ D.C.;11001;BOGOTA, D.C.;1
27/04/2017;11;BOGOTÁ D.C.;11001;BOGOTA, D.C.;1
27/04/2017;68;SANTANDER;68001;BUCARAMANGA;1
28/04/2017;76;VALLE DEL CAUCA;76001;CALI;1
8/05/2017;44;LA GUAJIRA;44001;RIOHACHA;1
10/05/2017;54;NORTE DE SANTANDER;54001;CUCUTA;1
11/05/2017;8;ATLÁNTICO;8296;GALAPA;1
11/05/2017;47;MAGDALENA;47189;CIENAGA;1
19/05/2017;11;BOGOTÁ D.C.;11001;BOGOTA, D.C.;1
1/06/2017;73;TOLIMA;73001;IBAGUE;1
5/06/2017;5;ANTIOQUIA;5001;MEDELLIN;1
13/06/2017;68;SANTANDER;68001;BUCARAMANGA;1
16/06/2017;13;BOLÍVAR;13001;CARTAGENA;1
17/06/2017;5;ANTIOQUIA;5360;ITAGUI;1
23/06/2017;11;BOGOTÁ D.C.;11001;BOGOTA, D.C.;1
23/06/2017;25;CUNDINAMARCA;25307;GIRARDOT;1
26/06/2017;15;BOYACÁ;15572;PUERTO BOYACA;1
12/07/2017;23;CÓRDOBA;23417;LORICA;3
13/07/2017;5;ANTIOQUIA;5001;MEDELLIN;1
13/07/2017;73;TOLIMA;73001;IBAGUE;1
14/07/2017;23;CÓRDOBA;23001;MONTERIA;1
14/07/2017;47;MAGDALENA;47001;SANTA MARTA;1
17/07/2017;11;BOGOTÁ D.C.;11001;BOGOTA, D.C.;1
19/07/2017;70;SUCRE;70473;MORROA;1
21/07/2017;20;CESAR;20001;VALLEDUPAR;1
21/07/2017;25;CUNDINAMARCA;25612;RICAURTE;1
26/07/2017;25;CUNDINAMARCA;25307;GIRARDOT;1
28/07/2017;23;CÓRDOBA;23182;CHINU;1
28/07/2017;70;SUCRE;70124;CAIMITO;1
2/08/2017;11;BOGOTÁ D.C.;11001;BOGOTA, D.C.;1
8/08/2017;11;BOGOTÁ D.C.;11001;BOGOTA, D.C.;1
10/08/2017;19;CAUCA;19142;CALOTO;1
16/08/2017;13;BOLÍVAR;13836;TURBACO;1
16/08/2017;25;CUNDINAMARCA;25754;SOACHA;1
22/08/2017;8;ATLÁNTICO;8606;REPELON;1
23/08/2017;20;CESAR;20001;VALLEDUPAR;1
24/08/2017;13;BOLÍVAR;13001;CARTAGENA;1
24/08/2017;73;TOLIMA;73001;IBAGUE;1
25/08/2017;5;ANTIOQUIA;5001;MEDELLIN;1
25/08/2017;11;BOGOTÁ D.C.;11001;BOGOTA, D.C.;1
29/08/2017;11;BOGOTÁ D.C.;11001;BOGOTA, D.C.;1
30/08/2017;8;ATLÁNTICO;8296;GALAPA;1
31/08/2017;44;LA GUAJIRA;44001;RIOHACHA;1
1/09/2017;11;BOGOTÁ D.C.;11001;BOGOTA, D.C.;1
1/09/2017;76;VALLE DEL CAUCA;76001;CALI;1
5/09/2017;11;BOGOTÁ D.C.;11001;BOGOTA, D.C.;1
6/09/2017;11;BOGOTÁ D.C.;11001;BOGOTA, D.C.;1
7/09/2017;8;ATLÁNTICO;8001;BARRANQUILLA;1
8/09/2017;11;BOGOTÁ D.C.;11001;BOGOTA, D.C.;1
8/09/2017;23;CÓRDOBA;23417;LORICA;1
8/09/2017;54;NORTE DE SANTANDER;54001;CUCUTA;1
13/09/2017;8;ATLÁNTICO;8758;SOLEDAD;1
14/09/2017;8;ATLÁNTICO;8573;PUERTO COLOMBIA;1
14/09/2017;11;BOGOTÁ D.C.;11001;BOGOTA, D.C.;1
14/09/2017;68;SANTANDER;68276;FLORIDABLANCA;1
15/09/2017;11;BOGOTÁ D.C.;11001;BOGOTA, D.C.;1
15/09/2017;25;CUNDINAMARCA;25754;SOACHA;1
18/09/2017;11;BOGOTÁ D.C.;11001;BOGOTA, D.C.;1
19/09/2017;11;BOGOTÁ D.C.;11001;BOGOTA, D.C.;1
20/09/2017;68;SANTANDER;68001;BUCARAMANGA;1
21/09/2017;8;ATLÁNTICO;8001;BARRANQUILLA;1
21/09/2017;11;BOGOTÁ D.C.;11001;BOGOTA, D.C.;2
22/09/2017;11;BOGOTÁ D.C.;11001;BOGOTA, D.C.;1
25/09/2017;25;CUNDINAMARCA;25754;SOACHA;1
26/09/2017;11;BOGOTÁ D.C.;11001;BOGOTA, D.C.;1
27/09/2017;8;ATLÁNTICO;8001;BARRANQUILLA;1
27/09/2017;23;CÓRDOBA;23001;MONTERIA;1
27/09/2017;44;LA GUAJIRA;44001;RIOHACHA;1
28/09/2017;11;BOGOTÁ D.C.;11001;BOGOTA, D.C.;1
28/09/2017;44;LA GUAJIRA;44279;FONSECA;1
29/09/2017;68;SANTANDER;68001;BUCARAMANGA;1
29/09/2017;70;SUCRE;70708;SAN MARCOS;1
30/09/2017;8;ATLÁNTICO;8001;BARRANQUILLA;1
4/10/2017;13;BOLÍVAR;13001;CARTAGENA;2
4/10/2017;20;CESAR;20011;AGUACHICA;1
5/10/2017;11;BOGOTÁ D.C.;11001;BOGOTA, D.C.;1
5/10/2017;25;CUNDINAMARCA;25386;LA MESA;1
6/10/2017;11;BOGOTÁ D.C.;11001;BOGOTA, D.C.;1
10/10/2017;11;BOGOTÁ D.C.;11001;BOGOTA, D.C.;2
11/10/2017;5;ANTIOQUIA;5001;MEDELLIN;1
11/10/2017;11;BOGOTÁ D.C.;11001;BOGOTA, D.C.;1
13/10/2017;11;BOGOTÁ D.C.;11001;BOGOTA, D.C.;1
17/10/2017;13;BOLÍVAR;13052;ARJONA;1
19/10/2017;11;BOGOTÁ D.C.;11001;BOGOTA, D.C.;1
19/10/2017;68;SANTANDER;68547;PIEDECUESTA;1
23/10/2017;17;CALDAS;17001;MANIZALES;1
24/10/2017;13;BOLÍVAR;13657;SAN JUAN NEPOMUCENO;1
25/10/2017;5;ANTIOQUIA;5400;LA UNION;1
26/10/2017;73;TOLIMA;73001;IBAGUE;1
27/10/2017;68;SANTANDER;68081;BARRANCABERMEJA;1
27/10/2017;76;VALLE DEL CAUCA;76001;CALI;1
2/11/2017;8;ATLÁNTICO;8001;BARRANQUILLA;1
3/11/2017;8;ATLÁNTICO;8001;BARRANQUILLA;1
5/11/2017;11;BOGOTÁ D.C.;11001;BOGOTA, D.C.;1
8/11/2017;8;ATLÁNTICO;8573;PUERTO COLOMBIA;1
13/11/2017;20;CESAR;20001;VALLEDUPAR;1
13/11/2017;47;MAGDALENA;47001;SANTA MARTA;1
16/11/2017;54;NORTE DE SANTANDER;54239;DURANIA;1
17/11/2017;11;BOGOTÁ D.C.;11001;BOGOTA, D.C.;1
17/11/2017;13;BOLÍVAR;13001;CARTAGENA;2
21/11/2017;5;ANTIOQUIA;5001;MEDELLIN;1
22/11/2017;11;BOGOTÁ D.C.;11001;BOGOTA, D.C.;1
22/11/2017;73;TOLIMA;73349;HONDA;1
28/11/2017;11;BOGOTÁ D.C.;11001;BOGOTA, D.C.;1
1/12/2017;11;BOGOTÁ D.C.;11001;BOGOTA, D.C.;1
2/12/2017;8;ATLÁNTICO;8001;BARRANQUILLA;1
2/12/2017;19;CAUCA;19698;SANTANDER DE QUILICHAO;1
7/12/2017;11;BOGOTÁ D.C.;11001;BOGOTA, D.C.;1
7/12/2017;54;NORTE DE SANTANDER;54001;CUCUTA;1
15/12/2017;11;BOGOTÁ D.C.;11001;BOGOTA, D.C.;1
19/12/2017;11;BOGOTÁ D.C.;11001;BOGOTA, D.C.;2
21/12/2017;11;BOGOTÁ D.C.;11001;BOGOTA, D.C.;1
22/12/2017;11;BOGOTÁ D.C.;11001;BOGOTA, D.C.;1
23/12/2017;13;BOLÍVAR;13001;CARTAGENA;1
26/12/2017;76;VALLE DEL CAUCA;76001;CALI;1
28/12/2017;5;ANTIOQUIA;5001;MEDELLIN;1
28/12/2017;20;CESAR;20621;LA PAZ;1
3/01/2018;11;BOGOTÁ D.C.;11001;BOGOTA, D.C.;1
10/01/2018;11;BOGOTÁ D.C.;11001;BOGOTA, D.C.;1
11/01/2018;11;BOGOTÁ D.C.;11001;BOGOTA, D.C.;1
13/01/2018;25;CUNDINAMARCA;25754;SOACHA;1
18/01/2018;11;BOGOTÁ D.C.;11001;BOGOTA, D.C.;1
19/01/2018;11;BOGOTÁ D.C.;11001;BOGOTA, D.C.;1
19/01/2018;23;CÓRDOBA;23686;SAN PELAYO;1
19/01/2018;25;CUNDINAMARCA;25307;GIRARDOT;1
20/01/2018;8;ATLÁNTICO;8634;SABANAGRANDE;1
24/01/2018;5;ANTIOQUIA;5001;MEDELLIN;1
25/01/2018;5;ANTIOQUIA;5001;MEDELLIN;1
25/01/2018;11;BOGOTÁ D.C.;11001;BOGOTA, D.C.;1
25/01/2018;73;TOLIMA;73443;MARIQUITA;1
1/02/2018;5;ANTIOQUIA;5380;LA ESTRELLA;1
1/02/2018;68;SANTANDER;68081;BARRANCABERMEJA;1
2/02/2018;11;BOGOTÁ D.C.;11001;BOGOTA, D.C.;1
2/02/2018;25;CUNDINAMARCA;25175;CHIA;1
4/02/2018;5;ANTIOQUIA;5148;EL CARMEN DE VIBORAL;1
5/02/2018;11;BOGOTÁ D.C.;11001;BOGOTA, D.C.;1
6/02/2018;70;SUCRE;70418;LOS PALMITOS;1
7/02/2018;11;BOGOTÁ D.C.;11001;BOGOTA, D.C.;1
7/02/2018;54;NORTE DE SANTANDER;54001;CUCUTA;1
8/02/2018;41;HUILA;41001;NEIVA;1
9/02/2018;76;VALLE DEL CAUCA;76001;CALI;1
12/02/2018;23;CÓRDOBA;23001;MONTERIA;1
14/02/2018;11;BOGOTÁ D.C.;11001;BOGOTA, D.C.;1
16/02/2018;5;ANTIOQUIA;5001;MEDELLIN;1
16/02/2018;11;BOGOTÁ D.C.;11001;BOGOTA, D.C.;2
17/02/2018;11;BOGOTÁ D.C.;11001;BOGOTA, D.C.;1
19/02/2018;5;ANTIOQUIA;5001;MEDELLIN;1
20/02/2018;11;BOGOTÁ D.C.;11001;BOGOTA, D.C.;1
22/02/2018;11;BOGOTÁ D.C.;11001;BOGOTA, D.C.;1
23/02/2018;8;ATLÁNTICO;8001;BARRANQUILLA;1
23/02/2018;11;BOGOTÁ D.C.;11001;BOGOTA, D.C.;1
23/02/2018;44;LA GUAJIRA;44078;BARRANCAS;1
23/02/2018;66;RISARALDA;66001;PEREIRA;1
26/02/2018;5;ANTIOQUIA;5360;ITAGUI;1
26/02/2018;19;CAUCA;19001;POPAYAN;1
27/02/2018;11;BOGOTÁ D.C.;11001;BOGOTA, D.C.;1
1/03/2018;11;BOGOTÁ D.C.;11001;BOGOTA, D.C.;1
1/03/2018;54;NORTE DE SANTANDER;54206;CONVENCION;1
2/03/2018;25;CUNDINAMARCA;25307;GIRARDOT;1
6/03/2018;8;ATLÁNTICO;8001;BARRANQUILLA;1
8/03/2018;63;QUINDÍO;63001;ARMENIA;1
9/03/2018;5;ANTIOQUIA;5001;MEDELLIN;1
13/03/2018;5;ANTIOQUIA;5001;MEDELLIN;1
16/03/2018;68;SANTANDER;68081;BARRANCABERMEJA;1
16/03/2018;76;VALLE DEL CAUCA;76001;CALI;1
21/03/2018;76;VALLE DEL CAUCA;76001;CALI;1
23/03/2018;68;SANTANDER;68081;BARRANCABERMEJA;1
28/03/2018;5;ANTIOQUIA;5001;MEDELLIN;1
28/03/2018;11;BOGOTÁ D.C.;11001;BOGOTA, D.C.;1
28/03/2018;68;SANTANDER;68276;FLORIDABLANCA;1
3/04/2018;11;BOGOTÁ D.C.;11001;BOGOTA, D.C.;1
6/04/2018;8;ATLÁNTICO;8001;BARRANQUILLA;1
7/04/2018;68;SANTANDER;68307;GIRON;1
9/04/2018;11;BOGOTÁ D.C.;11001;BOGOTA, D.C.;1
13/04/2018;5;ANTIOQUIA;5001;MEDELLIN;1
18/04/2018;68;SANTANDER;68081;BARRANCABERMEJA;1
21/04/2018;5;ANTIOQUIA;5088;BELLO;1
23/04/2018;68;SANTANDER;68575;PUERTO WILCHES;1
25/04/2018;23;CÓRDOBA;23672;SAN ANTERO;1
25/04/2018;76;VALLE DEL CAUCA;76001;CALI;1
26/04/2018;11;BOGOTÁ D.C.;11001;BOGOTA, D.C.;1
26/04/2018;15;BOYACÁ;15001;TUNJA;1
27/04/2018;25;CUNDINAMARCA;25175;CHIA;1
30/04/2018;76;VALLE DEL CAUCA;76147;CARTAGO;1
2/05/2018;11;BOGOTÁ D.C.;11001;BOGOTA, D.C.;1
3/05/2018;11;BOGOTÁ D.C.;11001;BOGOTA, D.C.;1
5/05/2018;5;ANTIOQUIA;5001;MEDELLIN;1
9/05/2018;25;CUNDINAMARCA;25612;RICAURTE;1
11/05/2018;8;ATLÁNTICO;8001;BARRANQUILLA;1
15/05/2018;66;RISARALDA;66001;PEREIRA;1
17/05/2018;8;ATLÁNTICO;8001;BARRANQUILLA;1
17/05/2018;25;CUNDINAMARCA;25754;SOACHA;1
19/05/2018;5;ANTIOQUIA;5001;MEDELLIN;1
22/05/2018;23;CÓRDOBA;23417;LORICA;1
30/05/2018;5;ANTIOQUIA;5001;MEDELLIN;1
31/05/2018;76;VALLE DEL CAUCA;76001;CALI;1
1/06/2018;20;CESAR;20001;VALLEDUPAR;1
6/06/2018;54;NORTE DE SANTANDER;54001;CUCUTA;1
9/06/2018;11;BOGOTÁ D.C.;11001;BOGOTA, D.C.;1
12/06/2018;11;BOGOTÁ D.C.;11001;BOGOTA, D.C.;1
15/06/2018;8;ATLÁNTICO;8001;BARRANQUILLA;1
15/06/2018;11;BOGOTÁ D.C.;11001;BOGOTA, D.C.;1
15/06/2018;23;CÓRDOBA;23555;PLANETA RICA;1
15/06/2018;76;VALLE DEL CAUCA;76001;CALI;1
19/06/2018;11;BOGOTÁ D.C.;11001;BOGOTA, D.C.;1
21/06/2018;13;BOLÍVAR;13670;SAN PABLO;1
26/06/2018;11;BOGOTÁ D.C.;11001;BOGOTA, D.C.;1
27/06/2018;11;BOGOTÁ D.C.;11001;BOGOTA, D.C.;1
27/06/2018;54;NORTE DE SANTANDER;54800;TEORAMA;1
29/06/2018;11;BOGOTÁ D.C.;11001;BOGOTA, D.C.;1
3/07/2018;5;ANTIOQUIA;5266;ENVIGADO;1
8/07/2018;86;PUTUMAYO;86568;PUERTO ASIS;1
10/07/2018;5;ANTIOQUIA;5321;GUATAPE;1
13/07/2018;23;CÓRDOBA;23419;LOS CORDOBAS;1
16/07/2018;11;BOGOTÁ D.C.;11001;BOGOTA, D.C.;2
18/07/2018;5;ANTIOQUIA;5656;SAN JERONIMO;1
19/07/2018;13;BOLÍVAR;13001;CARTAGENA;1
19/07/2018;41;HUILA;41001;NEIVA;1
20/07/2018;11;BOGOTÁ D.C.;11001;BOGOTA, D.C.;1
23/07/2018;66;RISARALDA;66088;BELEN DE UMBRIA;1
25/07/2018;11;BOGOTÁ D.C.;11001;BOGOTA, D.C.;1
27/07/2018;5;ANTIOQUIA;5101;CIUDAD BOLIVAR;1
31/07/2018;11;BOGOTÁ D.C.;11001;BOGOTA, D.C.;1
31/07/2018;50;META;50001;VILLAVICENCIO;1
2/08/2018;5;ANTIOQUIA;5001;MEDELLIN;1
3/08/2018;8;ATLÁNTICO;8001;BARRANQUILLA;1
8/08/2018;5;ANTIOQUIA;5001;MEDELLIN;1
10/08/2018;8;ATLÁNTICO;8758;SOLEDAD;1
14/08/2018;5;ANTIOQUIA;5001;MEDELLIN;1
16/08/2018;8;ATLÁNTICO;8001;BARRANQUILLA;1
16/08/2018;66;RISARALDA;66682;SANTA ROSA DE CABAL;1
22/08/2018;11;BOGOTÁ D.C.;11001;BOGOTA, D.C.;1
29/08/2018;8;ATLÁNTICO;8001;BARRANQUILLA;1
30/08/2018;5;ANTIOQUIA;5001;MEDELLIN;1
1/09/2018;27;CHOCÓ;27361;ISTMINA;1
3/09/2018;70;SUCRE;70418;LOS PALMITOS;1
6/09/2018;73;TOLIMA;73001;IBAGUE;1
10/09/2018;11;BOGOTÁ D.C.;11001;BOGOTA, D.C.;1
11/09/2018;11;BOGOTÁ D.C.;11001;BOGOTA, D.C.;1
13/09/2018;8;ATLÁNTICO;8758;SOLEDAD;1
14/09/2018;23;CÓRDOBA;23555;PLANETA RICA;1
15/09/2018;11;BOGOTÁ D.C.;11001;BOGOTA, D.C.;1
27/09/2018;5;ANTIOQUIA;5001;MEDELLIN;1
28/09/2018;11;BOGOTÁ D.C.;11001;BOGOTA, D.C.;1
28/09/2018;47;MAGDALENA;47745;SITIONUEVO;1
28/09/2018;70;SUCRE;70001;SINCELEJO;1
28/09/2018;70;SUCRE;70742;SAN LUIS DE SINCE;1
3/10/2018;11;BOGOTÁ D.C.;11001;BOGOTA, D.C.;1
3/10/2018;41;HUILA;41001;NEIVA;1
3/10/2018;76;VALLE DEL CAUCA;76001;CALI;1
4/10/2018;5;ANTIOQUIA;5001;MEDELLIN;1
5/10/2018;20;CESAR;20011;AGUACHICA;1
5/10/2018;23;CÓRDOBA;23001;MONTERIA;1
6/10/2018;11;BOGOTÁ D.C.;11001;BOGOTA, D.C.;1
8/10/2018;23;CÓRDOBA;23162;CERETE;1
10/10/2018;8;ATLÁNTICO;8001;BARRANQUILLA;1
10/10/2018;11;BOGOTÁ D.C.;11001;BOGOTA, D.C.;1
11/10/2018;25;CUNDINAMARCA;25817;TOCANCIPA;1
13/10/2018;54;NORTE DE SANTANDER;54001;CUCUTA;1
18/10/2018;5;ANTIOQUIA;5001;MEDELLIN;1
18/10/2018;76;VALLE DEL CAUCA;76001;CALI;1
19/10/2018;8;ATLÁNTICO;8001;BARRANQUILLA;1
22/10/2018;8;ATLÁNTICO;8001;BARRANQUILLA;1
24/10/2018;11;BOGOTÁ D.C.;11001;BOGOTA, D.C.;1
25/10/2018;11;BOGOTÁ D.C.;11001;BOGOTA, D.C.;1
25/10/2018;20;CESAR;20621;LA PAZ;1
26/10/2018;5;ANTIOQUIA;5001;MEDELLIN;1
1/11/2018;8;ATLÁNTICO;8001;BARRANQUILLA;2
6/11/2018;11;BOGOTÁ D.C.;11001;BOGOTA, D.C.;1
13/11/2018;8;ATLÁNTICO;8141;CANDELARIA;1
15/11/2018;8;ATLÁNTICO;8001;BARRANQUILLA;1
16/11/2018;5;ANTIOQUIA;5001;MEDELLIN;1
19/11/2018;11;BOGOTÁ D.C.;11001;BOGOTA, D.C.;1
20/11/2018;11;BOGOTÁ D.C.;11001;BOGOTA, D.C.;1
21/11/2018;5;ANTIOQUIA;5266;ENVIGADO;1
26/11/2018;5;ANTIOQUIA;5001;MEDELLIN;1
26/11/2018;50;META;50001;VILLAVICENCIO;1
28/11/2018;23;CÓRDOBA;23464;MOMIL;1
28/11/2018;54;NORTE DE SANTANDER;54001;CUCUTA;1
29/11/2018;44;LA GUAJIRA;44650;SAN JUAN DEL CESAR;1
30/11/2018;8;ATLÁNTICO;8758;SOLEDAD;1
30/11/2018;11;BOGOTÁ D.C.;11001;BOGOTA, D.C.;1
30/11/2018;52;NARIÑO;52356;IPIALES;1
3/12/2018;41;HUILA;41359;ISNOS;1
4/12/2018;11;BOGOTÁ D.C.;11001;BOGOTA, D.C.;1
4/12/2018;70;SUCRE;70670;SAMPUES;1
6/12/2018;54;NORTE DE SANTANDER;54001;CUCUTA;1
7/12/2018;11;BOGOTÁ D.C.;11001;BOGOTA, D.C.;1
7/12/2018;76;VALLE DEL CAUCA;76001;CALI;1
10/12/2018;11;BOGOTÁ D.C.;11001;BOGOTA, D.C.;1
10/12/2018;13;BOLÍVAR;13001;CARTAGENA;1
11/12/2018;41;HUILA;41001;NEIVA;1
12/12/2018;5;ANTIOQUIA;5001;MEDELLIN;1
13/12/2018;95;GUAVIARE;95001;SAN JOSE DEL GUAVIARE;1
14/12/2018;11;BOGOTÁ D.C.;11001;BOGOTA, D.C.;1
18/12/2018;25;CUNDINAMARCA;25386;LA MESA;1
18/12/2018;41;HUILA;41001;NEIVA;1
20/12/2018;5;ANTIOQUIA;5579;PUERTO BERRIO;1
20/12/2018;11;BOGOTÁ D.C.;11001;BOGOTA, D.C.;1
20/12/2018;41;HUILA;41001;NEIVA;1
21/12/2018;76;VALLE DEL CAUCA;76001;CALI;1
23/12/2018;13;BOLÍVAR;13001;CARTAGENA;1
26/12/2018;76;VALLE DEL CAUCA;76001;CALI;1
27/12/2018;76;VALLE DEL CAUCA;76001;CALI;1
29/12/2018;5;ANTIOQUIA;5308;GIRARDOTA;1
29/12/2018;13;BOLÍVAR;13001;CARTAGENA;1
5/01/2019;11;BOGOTÁ D.C.;11001;BOGOTA, D.C.;1
11/01/2019;76;VALLE DEL CAUCA;76001;CALI;1
14/01/2019;5;ANTIOQUIA;5001;MEDELLIN;1
15/01/2019;5;ANTIOQUIA;5642;SALGAR;1
16/01/2019;25;CUNDINAMARCA;25297;GACHETA;1
20/01/2019;11;BOGOTÁ D.C.;11001;BOGOTA, D.C.;1
22/01/2019;11;BOGOTÁ D.C.;11001;BOGOTA, D.C.;1
25/01/2019;11;BOGOTÁ D.C.;11001;BOGOTA, D.C.;1
29/01/2019;11;BOGOTÁ D.C.;11001;BOGOTA, D.C.;1
31/01/2019;11;BOGOTÁ D.C.;11001;BOGOTA, D.C.;1
11/02/2019;23;CÓRDOBA;23001;MONTERIA;1
12/02/2019;76;VALLE DEL CAUCA;76130;CANDELARIA;1
14/02/2019;17;CALDAS;17001;MANIZALES;1
15/02/2019;11;BOGOTÁ D.C.;11001;BOGOTA, D.C.;2
21/02/2019;11;BOGOTÁ D.C.;11001;BOGOTA, D.C.;1
26/02/2019;76;VALLE DEL CAUCA;76001;CALI;1
28/02/2019;5;ANTIOQUIA;5001;MEDELLIN;1
6/03/2019;11;BOGOTÁ D.C.;11001;BOGOTA, D.C.;1
7/03/2019;25;CUNDINAMARCA;25785;TABIO;1
10/03/2019;5;ANTIOQUIA;5001;MEDELLIN;1
20/03/2019;13;BOLÍVAR;13001;CARTAGENA;1
28/03/2019;20;CESAR;20443;MANAURE;1
28/03/2019;76;VALLE DEL CAUCA;76001;CALI;1
1/04/2019;70;SUCRE;70508;OVEJAS;1
3/04/2019;11;BOGOTÁ D.C.;11001;BOGOTA, D.C.;1
6/04/2019;41;HUILA;41001;NEIVA;1
11/04/2019;8;ATLÁNTICO;8001;BARRANQUILLA;1
11/04/2019;11;BOGOTÁ D.C.;11001;BOGOTA, D.C.;1
15/04/2019;11;BOGOTÁ D.C.;11001;BOGOTA, D.C.;1
15/04/2019;68;SANTANDER;68081;BARRANCABERMEJA;1
20/04/2019;11;BOGOTÁ D.C.;11001;BOGOTA, D.C.;1
24/04/2019;23;CÓRDOBA;23162;CERETE;1
24/04/2019;76;VALLE DEL CAUCA;76364;JAMUNDI;1
30/04/2019;8;ATLÁNTICO;8436;MANATI;1
2/05/2019;52;NARIÑO;52835;SAN ANDRES DE TUMACO;1
7/05/2019;27;CHOCÓ;27001;QUIBDO;1
16/05/2019;70;SUCRE;70001;SINCELEJO;1
17/05/2019;66;RISARALDA;66170;DOSQUEBRADAS;1
22/05/2019;5;ANTIOQUIA;5001;MEDELLIN;1
23/05/2019;11;BOGOTÁ D.C.;11001;BOGOTA, D.C.;2
7/06/2019;11;BOGOTÁ D.C.;11001;BOGOTA, D.C.;1
11/06/2019;50;META;50370;URIBE;1
12/06/2019;25;CUNDINAMARCA;25290;FUSAGASUGA;1
18/06/2019;11;BOGOTÁ D.C.;11001;BOGOTA, D.C.;1
19/06/2019;13;BOLÍVAR;13001;CARTAGENA;1
21/06/2019;11;BOGOTÁ D.C.;11001;BOGOTA, D.C.;2
27/06/2019;11;BOGOTÁ D.C.;11001;BOGOTA, D.C.;1
28/06/2019;11;BOGOTÁ D.C.;11001;BOGOTA, D.C.;1
3/07/2019;76;VALLE DEL CAUCA;76001;CALI;1
4/07/2019;11;BOGOTÁ D.C.;11001;BOGOTA, D.C.;1
4/07/2019;76;VALLE DEL CAUCA;76001;CALI;1
17/07/2019;11;BOGOTÁ D.C.;11001;BOGOTA, D.C.;1
18/07/2019;11;BOGOTÁ D.C.;11001;BOGOTA, D.C.;1
31/07/2019;5;ANTIOQUIA;5266;ENVIGADO;1
1/08/2019;76;VALLE DEL CAUCA;76001;CALI;1
2/08/2019;11;BOGOTÁ D.C.;11001;BOGOTA, D.C.;1
3/08/2019;76;VALLE DEL CAUCA;76001;CALI;1
6/08/2019;11;BOGOTÁ D.C.;11001;BOGOTA, D.C.;1
6/08/2019;70;SUCRE;70001;SINCELEJO;1
9/08/2019;11;BOGOTÁ D.C.;11001;BOGOTA, D.C.;1
11/08/2019;11;BOGOTÁ D.C.;11001;BOGOTA, D.C.;1
13/08/2019;15;BOYACÁ;15001;TUNJA;1
15/08/2019;11;BOGOTÁ D.C.;11001;BOGOTA, D.C.;1
16/08/2019;8;ATLÁNTICO;8001;BARRANQUILLA;1
20/08/2019;11;BOGOTÁ D.C.;11001;BOGOTA, D.C.;1
28/08/2019;8;ATLÁNTICO;8141;CANDELARIA;1
28/08/2019;73;TOLIMA;73001;IBAGUE;1
30/08/2019;11;BOGOTÁ D.C.;11001;BOGOTA, D.C.;1
3/09/2019;70;SUCRE;70742;SAN LUIS DE SINCE;1
4/09/2019;88;SAN ANDRÉS ISLAS;88001;SAN ANDRES;1
9/09/2019;41;HUILA;41551;PITALITO;1
9/09/2019;76;VALLE DEL CAUCA;76001;CALI;1
10/09/2019;11;BOGOTÁ D.C.;11001;BOGOTA, D.C.;1
12/09/2019;11;BOGOTÁ D.C.;11001;BOGOTA, D.C.;1
13/09/2019;44;LA GUAJIRA;44035;ALBANIA;1
18/09/2019;8;ATLÁNTICO;8758;SOLEDAD;1
25/09/2019;25;CUNDINAMARCA;25269;FACATATIVA;1
25/09/2019;76;VALLE DEL CAUCA;76001;CALI;1
26/09/2019;13;BOLÍVAR;13657;SAN JUAN NEPOMUCENO;1
1/10/2019;47;MAGDALENA;47001;SANTA MARTA;1
2/10/2019;44;LA GUAJIRA;44279;FONSECA;1
4/10/2019;8;ATLÁNTICO;8001;BARRANQUILLA;1
4/10/2019;11;BOGOTÁ D.C.;11001;BOGOTA, D.C.;1
8/10/2019;76;VALLE DEL CAUCA;76001;CALI;1
11/10/2019;11;BOGOTÁ D.C.;11001;BOGOTA, D.C.;1
16/10/2019;70;SUCRE;70001;SINCELEJO;1
16/10/2019;76;VALLE DEL CAUCA;76001;CALI;1
23/10/2019;68;SANTANDER;68001;BUCARAMANGA;1
25/10/2019;8;ATLÁNTICO;8001;BARRANQUILLA;2
28/10/2019;8;ATLÁNTICO;8758;SOLEDAD;1
28/10/2019;11;BOGOTÁ D.C.;11001;BOGOTA, D.C.;1
30/10/2019;8;ATLÁNTICO;8001;BARRANQUILLA;1
1/11/2019;5;ANTIOQUIA;5001;MEDELLIN;1
1/11/2019;11;BOGOTÁ D.C.;11001;BOGOTA, D.C.;2
1/11/2019;19;CAUCA;19142;CALOTO;1
4/11/2019;5;ANTIOQUIA;5480;MUTATA;1
5/11/2019;5;ANTIOQUIA;5001;MEDELLIN;1
5/11/2019;11;BOGOTÁ D.C.;11001;BOGOTA, D.C.;1
5/11/2019;23;CÓRDOBA;23660;SAHAGUN;1
5/11/2019;76;VALLE DEL CAUCA;76001;CALI;1
8/11/2019;8;ATLÁNTICO;8001;BARRANQUILLA;1
8/11/2019;11;BOGOTÁ D.C.;11001;BOGOTA, D.C.;1
13/11/2019;76;VALLE DEL CAUCA;76001;CALI;1
14/11/2019;52;NARIÑO;52835;SAN ANDRES DE TUMACO;1
14/11/2019;76;VALLE DEL CAUCA;76892;YUMBO;1
15/11/2019;5;ANTIOQUIA;5631;SABANETA;1
15/11/2019;11;BOGOTÁ D.C.;11001;BOGOTA, D.C.;1
16/11/2019;70;SUCRE;70001;SINCELEJO;1
18/11/2019;44;LA GUAJIRA;44035;ALBANIA;1
19/11/2019;76;VALLE DEL CAUCA;76001;CALI;1
20/11/2019;5;ANTIOQUIA;5001;MEDELLIN;1
20/11/2019;11;BOGOTÁ D.C.;11001;BOGOTA, D.C.;1
22/11/2019;44;LA GUAJIRA;44035;ALBANIA;1
26/11/2019;47;MAGDALENA;47189;CIENAGA;1
27/11/2019;76;VALLE DEL CAUCA;76001;CALI;1
29/11/2019;76;VALLE DEL CAUCA;76001;CALI;1
30/11/2019;19;CAUCA;19001;POPAYAN;1
30/11/2019;70;SUCRE;70221;COVEÑAS;1
3/12/2019;76;VALLE DEL CAUCA;76001;CALI;1
4/12/2019;11;BOGOTÁ D.C.;11001;BOGOTA, D.C.;1
6/12/2019;11;BOGOTÁ D.C.;11001;BOGOTA, D.C.;1
9/12/2019;52;NARIÑO;52835;SAN ANDRES DE TUMACO;1
13/12/2019;11;BOGOTÁ D.C.;11001;BOGOTA, D.C.;1
16/12/2019;47;MAGDALENA;47555;PLATO;1
18/12/2019;11;BOGOTÁ D.C.;11001;BOGOTA, D.C.;1
23/12/2019;11;BOGOTÁ D.C.;11001;BOGOTA, D.C.;1
24/12/2019;11;BOGOTÁ D.C.;11001;BOGOTA, D.C.;1
25/12/2019;11;BOGOTÁ D.C.;11001;BOGOTA, D.C.;1
26/12/2019;11;BOGOTÁ D.C.;11001;BOGOTA, D.C.;1
26/12/2019;19;CAUCA;19137;CALDONO;2
27/12/2019;76;VALLE DEL CAUCA;76001;CALI;1
28/12/2019;11;BOGOTÁ D.C.;11001;BOGOTA, D.C.;1
30/12/2019;11;BOGOTÁ D.C.;11001;BOGOTA, D.C.;3
3/01/2020;11;BOGOTÁ D.C.;11001;BOGOTA, D.C.;1
7/01/2020;11;BOGOTÁ D.C.;11001;BOGOTA, D.C.;1
7/01/2020;76;VALLE DEL CAUCA;76001;CALI;1
10/01/2020;11;BOGOTÁ D.C.;11001;BOGOTA, D.C.;1
10/01/2020;13;BOLÍVAR;13430;MAGANGUE;1
11/01/2020;5;ANTIOQUIA;5315;GUADALUPE;1
14/01/2020;52;NARIÑO;52019;ALBAN;1
15/01/2020;11;BOGOTÁ D.C.;11001;BOGOTA, D.C.;1
15/01/2020;76;VALLE DEL CAUCA;76001;CALI;1
20/01/2020;76;VALLE DEL CAUCA;76001;CALI;1
21/01/2020;8;ATLÁNTICO;8001;BARRANQUILLA;1
21/01/2020;54;NORTE DE SANTANDER;54001;CUCUTA;1
21/01/2020;76;VALLE DEL CAUCA;76001;CALI;1
22/01/2020;11;BOGOTÁ D.C.;11001;BOGOTA, D.C.;2
24/01/2020;11;BOGOTÁ D.C.;11001;BOGOTA, D.C.;1
29/01/2020;11;BOGOTÁ D.C.;11001;BOGOTA, D.C.;1
30/01/2020;66;RISARALDA;66001;PEREIRA;1
4/02/2020;25;CUNDINAMARCA;25797;TENA;1
6/02/2020;76;VALLE DEL CAUCA;76001;CALI;1
15/02/2020;70;SUCRE;70473;MORROA;1
18/02/2020;11;BOGOTÁ D.C.;11001;BOGOTA, D.C.;1
22/02/2020;5;ANTIOQUIA;5101;CIUDAD BOLIVAR;1
25/02/2020;76;VALLE DEL CAUCA;76001;CALI;1
2/03/2020;11;BOGOTÁ D.C.;11001;BOGOTA, D.C.;1
5/03/2020;11;BOGOTÁ D.C.;11001;BOGOTA, D.C.;1
13/03/2020;11;BOGOTÁ D.C.;11001;BOGOTA, D.C.;1
18/03/2020;5;ANTIOQUIA;5001;MEDELLIN;1
19/03/2020;11;BOGOTÁ D.C.;11001;BOGOTA, D.C.;1
20/03/2020;5;ANTIOQUIA;5310;GOMEZ PLATA;1
20/03/2020;66;RISARALDA;66170;DOSQUEBRADAS;1
20/03/2020;70;SUCRE;70215;COROZAL;1
7/04/2020;11;BOGOTÁ D.C.;11001;BOGOTA, D.C.;1
9/05/2020;66;RISARALDA;66170;DOSQUEBRADAS;1
14/05/2020;11;BOGOTÁ D.C.;11001;BOGOTA, D.C.;1
22/05/2020;11;BOGOTÁ D.C.;11001;BOGOTA, D.C.;1
28/05/2020;11;BOGOTÁ D.C.;11001;BOGOTA, D.C.;1
3/06/2020;11;BOGOTÁ D.C.;11001;BOGOTA, D.C.;1
12/06/2020;11;BOGOTÁ D.C.;11001;BOGOTA, D.C.;1
19/06/2020;11;BOGOTÁ D.C.;11001;BOGOTA, D.C.;1
29/06/2020;5;ANTIOQUIA;5234;DABEIBA;1
1/07/2020;11;BOGOTÁ D.C.;11001;BOGOTA, D.C.;1
6/07/2020;11;BOGOTÁ D.C.;11001;BOGOTA, D.C.;1
23/07/2020;8;ATLÁNTICO;8001;BARRANQUILLA;1
3/08/2020;13;BOLÍVAR;13836;TURBACO;1
5/08/2020;76;VALLE DEL CAUCA;76364;JAMUNDI;1
11/08/2020;41;HUILA;41551;PITALITO;1
13/08/2020;73;TOLIMA;73671;SALDAÑA;1
21/08/2020;5;ANTIOQUIA;5001;MEDELLIN;1
22/08/2020;8;ATLÁNTICO;8141;CANDELARIA;1
2/09/2020;11;BOGOTÁ D.C.;11001;BOGOTA, D.C.;2
9/09/2020;11;BOGOTÁ D.C.;11001;BOGOTA, D.C.;1
10/09/2020;76;VALLE DEL CAUCA;76001;CALI;3
11/09/2020;76;VALLE DEL CAUCA;76001;CALI;1
16/09/2020;11;BOGOTÁ D.C.;11001;BOGOTA, D.C.;1
17/09/2020;63;QUINDÍO;63001;ARMENIA;1
18/09/2020;13;BOLÍVAR;13001;CARTAGENA;1
22/09/2020;11;BOGOTÁ D.C.;11001;BOGOTA, D.C.;1
2/10/2020;11;BOGOTÁ D.C.;11001;BOGOTA, D.C.;1
2/10/2020;66;RISARALDA;66170;DOSQUEBRADAS;1
6/10/2020;11;BOGOTÁ D.C.;11001;BOGOTA, D.C.;1
14/10/2020;5;ANTIOQUIA;5001;MEDELLIN;1
15/10/2020;11;BOGOTÁ D.C.;11001;BOGOTA, D.C.;1
19/10/2020;5;ANTIOQUIA;5380;LA ESTRELLA;1
23/10/2020;68;SANTANDER;68547;PIEDECUESTA;1
26/10/2020;11;BOGOTÁ D.C.;11001;BOGOTA, D.C.;1
26/10/2020;52;NARIÑO;52001;PASTO;1
28/10/2020;11;BOGOTÁ D.C.;11001;BOGOTA, D.C.;1
31/10/2020;8;ATLÁNTICO;8372;JUAN DE ACOSTA;1
6/11/2020;11;BOGOTÁ D.C.;11001;BOGOTA, D.C.;1
7/11/2020;76;VALLE DEL CAUCA;76001;CALI;1
12/11/2020;11;BOGOTÁ D.C.;11001;BOGOTA, D.C.;1
12/11/2020;68;SANTANDER;68077;BARBOSA;1
14/11/2020;11;BOGOTÁ D.C.;11001;BOGOTA, D.C.;1
16/11/2020;88;SAN ANDRÉS ISLAS;88564;PROVIDENCIA;1
17/11/2020;11;BOGOTÁ D.C.;11001;BOGOTA, D.C.;1
18/11/2020;5;ANTIOQUIA;5001;MEDELLIN;2
19/11/2020;5;ANTIOQUIA;5631;SABANETA;1
19/11/2020;11;BOGOTÁ D.C.;11001;BOGOTA, D.C.;1
25/11/2020;11;BOGOTÁ D.C.;11001;BOGOTA, D.C.;1
25/11/2020;52;NARIÑO;52001;PASTO;1
26/11/2020;11;BOGOTÁ D.C.;11001;BOGOTA, D.C.;1
27/11/2020;70;SUCRE;70771;SUCRE;1
1/12/2020;15;BOYACÁ;15469;MONIQUIRA;1
3/12/2020;11;BOGOTÁ D.C.;11001;BOGOTA, D.C.;1
4/12/2020;76;VALLE DEL CAUCA;76001;CALI;1
7/12/2020;11;BOGOTÁ D.C.;11001;BOGOTA, D.C.;2
16/12/2020;68;SANTANDER;68077;BARBOSA;1
22/12/2020;5;ANTIOQUIA;5001;MEDELLIN;1
25/12/2020;76;VALLE DEL CAUCA;76001;CALI;1
29/12/2020;11;BOGOTÁ D.C.;11001;BOGOTA, D.C.;1
30/12/2020;11;BOGOTÁ D.C.;11001;BOGOTA, D.C.;1
7/01/2021;15;BOYACÁ;15516;PAIPA;1
12/01/2021;11;BOGOTÁ D.C.;11001;BOGOTA, D.C.;1
20/01/2021;5;ANTIOQUIA;5001;MEDELLIN;1
25/01/2021;11;BOGOTÁ D.C.;11001;BOGOTA, D.C.;1
25/01/2021;25;CUNDINAMARCA;25297;GACHETA;1
28/01/2021;11;BOGOTÁ D.C.;11001;BOGOTA, D.C.;1
2/02/2021;76;VALLE DEL CAUCA;76001;CALI;1
5/02/2021;20;CESAR;20001;VALLEDUPAR;1
9/02/2021;11;BOGOTÁ D.C.;11001;BOGOTA, D.C.;3
9/02/2021;63;QUINDÍO;63001;ARMENIA;1
11/02/2021;11;BOGOTÁ D.C.;11001;BOGOTA, D.C.;1
16/02/2021;11;BOGOTÁ D.C.;11001;BOGOTA, D.C.;1
22/02/2021;63;QUINDÍO;63001;ARMENIA;1
23/02/2021;76;VALLE DEL CAUCA;76001;CALI;1
1/03/2021;17;CALDAS;17380;LA DORADA;1
2/03/2021;11;BOGOTÁ D.C.;11001;BOGOTA, D.C.;1
5/03/2021;11;BOGOTÁ D.C.;11001;BOGOTA, D.C.;1
6/03/2021;11;BOGOTÁ D.C.;11001;BOGOTA, D.C.;1
8/03/2021;11;BOGOTÁ D.C.;11001;BOGOTA, D.C.;1
16/03/2021;11;BOGOTÁ D.C.;11001;BOGOTA, D.C.;1
23/03/2021;47;MAGDALENA;47001;SANTA MARTA;1
25/03/2021;76;VALLE DEL CAUCA;76001;CALI;1
26/03/2021;70;SUCRE;70742;SAN LUIS DE SINCE;1
28/03/2021;11;BOGOTÁ D.C.;11001;BOGOTA, D.C.;1
31/03/2021;5;ANTIOQUIA;5480;MUTATA;1
7/04/2021;8;ATLÁNTICO;8001;BARRANQUILLA;1
14/04/2021;47;MAGDALENA;47980;ZONA BANANERA;1
19/04/2021;73;TOLIMA;73268;ESPINAL;1
21/04/2021;11;BOGOTÁ D.C.;11001;BOGOTA, D.C.;1
23/04/2021;18;CAQUETÁ;18150;CARTAGENA DEL CHAIRA;1
28/04/2021;11;BOGOTÁ D.C.;11001;BOGOTA, D.C.;1
28/04/2021;76;VALLE DEL CAUCA;76001;CALI;4
1/05/2021;70;SUCRE;70678;SAN BENITO ABAD;1
1/05/2021;76;VALLE DEL CAUCA;76001;CALI;1
3/05/2021;76;VALLE DEL CAUCA;76001;CALI;1
4/05/2021;76;VALLE DEL CAUCA;76001;CALI;1
5/05/2021;11;BOGOTÁ D.C.;11001;BOGOTA, D.C.;1
5/05/2021;47;MAGDALENA;47001;SANTA MARTA;1
5/05/2021;76;VALLE DEL CAUCA;76001;CALI;1
22/05/2021;11;BOGOTÁ D.C.;11001;BOGOTA, D.C.;1
22/05/2021;76;VALLE DEL CAUCA;76001;CALI;1
28/05/2021;54;NORTE DE SANTANDER;54001;CUCUTA;1
29/05/2021;76;VALLE DEL CAUCA;76001;CALI;1
1/06/2021;11;BOGOTÁ D.C.;11001;BOGOTA, D.C.;1
4/06/2021;11;BOGOTÁ D.C.;11001;BOGOTA, D.C.;1
8/06/2021;47;MAGDALENA;47001;SANTA MARTA;1
9/06/2021;11;BOGOTÁ D.C.;11001;BOGOTA, D.C.;1
14/06/2021;11;BOGOTÁ D.C.;11001;BOGOTA, D.C.;1
17/06/2021;11;BOGOTÁ D.C.;11001;BOGOTA, D.C.;1
21/06/2021;20;CESAR;20443;MANAURE;1
22/06/2021;11;BOGOTÁ D.C.;11001;BOGOTA, D.C.;1
23/06/2021;11;BOGOTÁ D.C.;11001;BOGOTA, D.C.;1
24/06/2021;11;BOGOTÁ D.C.;11001;BOGOTA, D.C.;2
25/06/2021;5;ANTIOQUIA;5088;BELLO;1
25/06/2021;8;ATLÁNTICO;8001;BARRANQUILLA;1
3/07/2021;70;SUCRE;70400;LA UNION;1
14/07/2021;8;ATLÁNTICO;8758;SOLEDAD;1
14/07/2021;11;BOGOTÁ D.C.;11001;BOGOTA, D.C.;1
19/07/2021;76;VALLE DEL CAUCA;76001;CALI;1
27/07/2021;44;LA GUAJIRA;44001;RIOHACHA;1
30/07/2021;8;ATLÁNTICO;8001;BARRANQUILLA;1
3/08/2021;44;LA GUAJIRA;44855;URUMITA;1
3/08/2021;47;MAGDALENA;47001;SANTA MARTA;1
4/08/2021;8;ATLÁNTICO;8001;BARRANQUILLA;1
6/08/2021;47;MAGDALENA;47189;CIENAGA;1
12/08/2021;8;ATLÁNTICO;8573;PUERTO COLOMBIA;1
13/08/2021;20;CESAR;20750;SAN DIEGO;1
18/08/2021;5;ANTIOQUIA;5088;BELLO;1
22/08/2021;11;BOGOTÁ D.C.;11001;BOGOTA, D.C.;1
4/09/2021;94;GUAINÍA;94001;INIRIDA;1
7/09/2021;68;SANTANDER;68575;PUERTO WILCHES;1
10/09/2021;47;MAGDALENA;47707;SANTA ANA;1
12/09/2021;44;LA GUAJIRA;44078;BARRANCAS;1
14/09/2021;11;BOGOTÁ D.C.;11001;BOGOTA, D.C.;1
15/09/2021;8;ATLÁNTICO;8001;BARRANQUILLA;1
15/09/2021;20;CESAR;20001;VALLEDUPAR;1
15/09/2021;47;MAGDALENA;47245;EL BANCO;1
20/09/2021;44;LA GUAJIRA;44874;VILLANUEVA;1
28/09/2021;76;VALLE DEL CAUCA;76001;CALI;1
30/09/2021;8;ATLÁNTICO;8001;BARRANQUILLA;1
30/09/2021;11;BOGOTÁ D.C.;11001;BOGOTA, D.C.;1
30/09/2021;25;CUNDINAMARCA;25386;LA MESA;1
11/10/2021;8;ATLÁNTICO;8001;BARRANQUILLA;1
11/10/2021;54;NORTE DE SANTANDER;54405;LOS PATIOS;1
15/10/2021;47;MAGDALENA;47318;GUAMAL;1
20/10/2021;41;HUILA;41001;NEIVA;1
25/10/2021;8;ATLÁNTICO;8001;BARRANQUILLA;1
31/10/2021;5;ANTIOQUIA;5212;COPACABANA;1
2/11/2021;25;CUNDINAMARCA;25175;CHIA;1
4/11/2021;8;ATLÁNTICO;8001;BARRANQUILLA;1
17/11/2021;8;ATLÁNTICO;8001;BARRANQUILLA;1
25/11/2021;11;BOGOTÁ D.C.;11001;BOGOTA, D.C.;1
26/11/2021;20;CESAR;20517;PAILITAS;1
26/11/2021;52;NARIÑO;52256;EL ROSARIO;1
3/12/2021;76;VALLE DEL CAUCA;76520;PALMIRA;1
5/12/2021;41;HUILA;41001;NEIVA;1
7/12/2021;8;ATLÁNTICO;8001;BARRANQUILLA;1
7/12/2021;11;BOGOTÁ D.C.;11001;BOGOTA, D.C.;1
7/12/2021;25;CUNDINAMARCA;25269;FACATATIVA;1
10/12/2021;11;BOGOTÁ D.C.;11001;BOGOTA, D.C.;2
12/12/2021;11;BOGOTÁ D.C.;11001;BOGOTA, D.C.;3
13/12/2021;11;BOGOTÁ D.C.;11001;BOGOTA, D.C.;1
15/12/2021;8;ATLÁNTICO;8758;SOLEDAD;1
1/01/2022;20;CESAR;20770;SAN MARTIN;1
14/01/2022;13;BOLÍVAR;13468;MOMPOS;1
17/01/2022;8;ATLÁNTICO;8001;BARRANQUILLA;1
18/01/2022;8;ATLÁNTICO;8001;BARRANQUILLA;2
20/01/2022;11;BOGOTÁ D.C.;11001;BOGOTA, D.C.;1
25/01/2022;11;BOGOTÁ D.C.;11001;BOGOTA, D.C.;1
25/01/2022;76;VALLE DEL CAUCA;76001;CALI;1
28/01/2022;5;ANTIOQUIA;5088;BELLO;1
2/02/2022;5;ANTIOQUIA;5376;LA CEJA;1
3/02/2022;8;ATLÁNTICO;8001;BARRANQUILLA;1
7/02/2022;47;MAGDALENA;47001;SANTA MARTA;1
7/02/2022;76;VALLE DEL CAUCA;76001;CALI;1
8/02/2022;47;MAGDALENA;47980;ZONA BANANERA;1
8/02/2022;76;VALLE DEL CAUCA;76001;CALI;1
11/02/2022;11;BOGOTÁ D.C.;11001;BOGOTA, D.C.;1
14/02/2022;11;BOGOTÁ D.C.;11001;BOGOTA, D.C.;1
15/02/2022;25;CUNDINAMARCA;25754;SOACHA;1
17/02/2022;8;ATLÁNTICO;8758;SOLEDAD;1
18/02/2022;41;HUILA;41770;SUAZA;1
22/02/2022;63;QUINDÍO;63001;ARMENIA;1
22/02/2022;73;TOLIMA;73001;IBAGUE;1
26/02/2022;8;ATLÁNTICO;8001;BARRANQUILLA;1
28/02/2022;11;BOGOTÁ D.C.;11001;BOGOTA, D.C.;1
1/03/2022;17;CALDAS;17380;LA DORADA;1
8/03/2022;8;ATLÁNTICO;8001;BARRANQUILLA;1
8/03/2022;47;MAGDALENA;47692;SAN SEBASTIAN DE BUENAVISTA;1
11/03/2022;47;MAGDALENA;47189;CIENAGA;1
16/03/2022;5;ANTIOQUIA;5001;MEDELLIN;1
16/03/2022;11;BOGOTÁ D.C.;11001;BOGOTA, D.C.;1
16/03/2022;76;VALLE DEL CAUCA;76001;CALI;1
18/03/2022;70;SUCRE;70678;SAN BENITO ABAD;1
23/03/2022;70;SUCRE;70418;LOS PALMITOS;1
25/03/2022;47;MAGDALENA;47189;CIENAGA;1
28/03/2022;54;NORTE DE SANTANDER;54001;CUCUTA;1
1/04/2022;41;HUILA;41660;SALADOBLANCO;1
1/04/2022;47;MAGDALENA;47001;SANTA MARTA;1
5/04/2022;11;BOGOTÁ D.C.;11001;BOGOTA, D.C.;1
8/04/2022;13;BOLÍVAR;13836;TURBACO;1
11/04/2022;8;ATLÁNTICO;8001;BARRANQUILLA;1
13/04/2022;47;MAGDALENA;47001;SANTA MARTA;1
13/04/2022;47;MAGDALENA;47555;PLATO;1
19/04/2022;5;ANTIOQUIA;5310;GOMEZ PLATA;1
20/04/2022;8;ATLÁNTICO;8001;BARRANQUILLA;1
22/04/2022;8;ATLÁNTICO;8001;BARRANQUILLA;1
23/04/2022;8;ATLÁNTICO;8001;BARRANQUILLA;1
27/04/2022;13;BOLÍVAR;13468;MOMPOS;1
4/05/2022;44;LA GUAJIRA;44078;BARRANCAS;2
5/05/2022;11;BOGOTÁ D.C.;11001;BOGOTA, D.C.;1
6/05/2022;76;VALLE DEL CAUCA;76001;CALI;1
11/05/2022;8;ATLÁNTICO;8001;BARRANQUILLA;1
12/05/2022;47;MAGDALENA;47001;SANTA MARTA;1
13/05/2022;11;BOGOTÁ D.C.;11001;BOGOTA, D.C.;1
17/05/2022;8;ATLÁNTICO;8001;BARRANQUILLA;1
18/05/2022;11;BOGOTÁ D.C.;11001;BOGOTA, D.C.;1
22/05/2022;68;SANTANDER;68655;SABANA DE TORRES;1
31/05/2022;8;ATLÁNTICO;8001;BARRANQUILLA;1
31/05/2022;11;BOGOTÁ D.C.;11001;BOGOTA, D.C.;1
31/05/2022;44;LA GUAJIRA;44279;FONSECA;1
1/06/2022;13;BOLÍVAR;13836;TURBACO;1
24/06/2022;47;MAGDALENA;47001;SANTA MARTA;1
28/06/2022;11;BOGOTÁ D.C.;11001;BOGOTA, D.C.;1
29/06/2022;11;BOGOTÁ D.C.;11001;BOGOTA, D.C.;1
30/06/2022;8;ATLÁNTICO;8001;BARRANQUILLA;1
3/07/2022;11;BOGOTÁ D.C.;11001;BOGOTA, D.C.;1
8/07/2022;11;BOGOTÁ D.C.;11001;BOGOTA, D.C.;1
11/07/2022;11;BOGOTÁ D.C.;11001;BOGOTA, D.C.;1
15/07/2022;8;ATLÁNTICO;8001;BARRANQUILLA;2
15/07/2022;20;CESAR;20060;BOSCONIA;1
19/07/2022;23;CÓRDOBA;23417;LORICA;1
24/07/2022;20;CESAR;20517;PAILITAS;1
25/07/2022;5;ANTIOQUIA;5001;MEDELLIN;1
25/07/2022;20;CESAR;20060;BOSCONIA;1
25/07/2022;47;MAGDALENA;47001;SANTA MARTA;1
5/08/2022;8;ATLÁNTICO;8001;BARRANQUILLA;2
9/08/2022;47;MAGDALENA;47245;EL BANCO;1
10/08/2022;47;MAGDALENA;47001;SANTA MARTA;1
10/08/2022;47;MAGDALENA;47288;FUNDACION;1
16/08/2022;8;ATLÁNTICO;8001;BARRANQUILLA;1
17/08/2022;8;ATLÁNTICO;8001;BARRANQUILLA;1
18/08/2022;11;BOGOTÁ D.C.;11001;BOGOTA, D.C.;1
18/08/2022;70;SUCRE;70001;SINCELEJO;1
19/08/2022;23;CÓRDOBA;23162;CERETE;1
23/08/2022;8;ATLÁNTICO;8001;BARRANQUILLA;1
28/08/2022;76;VALLE DEL CAUCA;76001;CALI;1
29/08/2022;25;CUNDINAMARCA;25214;COTA;1
30/08/2022;5;ANTIOQUIA;5893;YONDO;1
31/08/2022;11;BOGOTÁ D.C.;11001;BOGOTA, D.C.;1
5/09/2022;68;SANTANDER;68655;SABANA DE TORRES;1
7/09/2022;11;BOGOTÁ D.C.;11001;BOGOTA, D.C.;1
12/09/2022;20;CESAR;20045;BECERRIL;1
13/09/2022;8;ATLÁNTICO;8001;BARRANQUILLA;1
13/09/2022;11;BOGOTÁ D.C.;11001;BOGOTA, D.C.;1
13/09/2022;13;BOLÍVAR;13244;EL CARMEN DE BOLIVAR;1
13/09/2022;47;MAGDALENA;47001;SANTA MARTA;1
21/09/2022;8;ATLÁNTICO;8001;BARRANQUILLA;1
26/09/2022;11;BOGOTÁ D.C.;11001;BOGOTA, D.C.;1
26/09/2022;47;MAGDALENA;47001;SANTA MARTA;1
27/09/2022;11;BOGOTÁ D.C.;11001;BOGOTA, D.C.;1
29/09/2022;18;CAQUETÁ;18150;CARTAGENA DEL CHAIRA;1
29/09/2022;50;META;50006;ACACIAS;1
3/10/2022;20;CESAR;20011;AGUACHICA;1
4/10/2022;8;ATLÁNTICO;8421;LURUACO;1
5/10/2022;8;ATLÁNTICO;8001;BARRANQUILLA;1
11/10/2022;11;BOGOTÁ D.C.;11001;BOGOTA, D.C.;1
13/10/2022;8;ATLÁNTICO;8001;BARRANQUILLA;1
15/10/2022;5;ANTIOQUIA;5615;RIONEGRO;1
18/10/2022;5;ANTIOQUIA;5579;PUERTO BERRIO;1
18/10/2022;13;BOLÍVAR;13657;SAN JUAN NEPOMUCENO;1
18/10/2022;76;VALLE DEL CAUCA;76001;CALI;1
19/10/2022;8;ATLÁNTICO;8436;MANATI;1
21/10/2022;20;CESAR;20710;SAN ALBERTO;1
24/10/2022;15;BOYACÁ;15572;PUERTO BOYACA;1
27/10/2022;20;CESAR;20001;VALLEDUPAR;1
28/10/2022;13;BOLÍVAR;13052;ARJONA;1
30/10/2022;8;ATLÁNTICO;8001;BARRANQUILLA;1
2/11/2022;11;BOGOTÁ D.C.;11001;BOGOTA, D.C.;1
6/11/2022;11;BOGOTÁ D.C.;11001;BOGOTA, D.C.;1
8/11/2022;8;ATLÁNTICO;8758;SOLEDAD;1
11/11/2022;47;MAGDALENA;47189;CIENAGA;1
12/11/2022;8;ATLÁNTICO;8433;MALAMBO;1
15/11/2022;47;MAGDALENA;47001;SANTA MARTA;1
15/11/2022;68;SANTANDER;68575;PUERTO WILCHES;1
17/11/2022;18;CAQUETÁ;18001;FLORENCIA;1
29/11/2022;54;NORTE DE SANTANDER;54206;CONVENCION;1
1/12/2022;13;BOLÍVAR;13001;CARTAGENA;1
2/12/2022;5;ANTIOQUIA;5579;PUERTO BERRIO;1
2/12/2022;11;BOGOTÁ D.C.;11001;BOGOTA, D.C.;1
8/12/2022;8;ATLÁNTICO;8758;SOLEDAD;1
9/12/2022;47;MAGDALENA;47001;SANTA MARTA;1
10/12/2022;70;SUCRE;70678;SAN BENITO ABAD;1
13/12/2022;44;LA GUAJIRA;44001;RIOHACHA;1
16/12/2022;15;BOYACÁ;15572;PUERTO BOYACA;1
19/12/2022;5;ANTIOQUIA;5001;MEDELLIN;1
27/12/2022;11;BOGOTÁ D.C.;11001;BOGOTA, D.C.;1
5/01/2023;20;CESAR;20550;PELAYA;1
5/01/2023;25;CUNDINAMARCA;25307;GIRARDOT;1
10/01/2023;8;ATLÁNTICO;8001;BARRANQUILLA;1
11/01/2023;13;BOLÍVAR;13468;MOMPOS;1
12/01/2023;11;BOGOTÁ D.C.;11001;BOGOTA, D.C.;1
19/01/2023;11;BOGOTÁ D.C.;11001;BOGOTA, D.C.;1
23/01/2023;25;CUNDINAMARCA;25754;SOACHA;1
24/01/2023;20;CESAR;20013;AGUSTIN CODAZZI;1
25/01/2023;47;MAGDALENA;47555;PLATO;1
30/01/2023;5;ANTIOQUIA;5001;MEDELLIN;1
30/01/2023;47;MAGDALENA;47980;ZONA BANANERA;1
1/02/2023;25;CUNDINAMARCA;25151;CAQUEZA;1
2/02/2023;5;ANTIOQUIA;5001;MEDELLIN;1
2/02/2023;52;NARIÑO;52786;TAMINANGO;1
10/02/2023;5;ANTIOQUIA;5001;MEDELLIN;1
13/02/2023;25;CUNDINAMARCA;25779;SUSA;1
13/02/2023;68;SANTANDER;68575;PUERTO WILCHES;1
17/02/2023;5;ANTIOQUIA;5001;MEDELLIN;1
24/02/2023;54;NORTE DE SANTANDER;54800;TEORAMA;1
28/02/2023;70;SUCRE;70742;SAN LUIS DE SINCE;1
1/03/2023;8;ATLÁNTICO;8001;BARRANQUILLA;1
1/03/2023;76;VALLE DEL CAUCA;76001;CALI;1
2/03/2023;5;ANTIOQUIA;5001;MEDELLIN;1
3/03/2023;20;CESAR;20614;RIO DE ORO;1
13/03/2023;8;ATLÁNTICO;8001;BARRANQUILLA;1
17/03/2023;44;LA GUAJIRA;44001;RIOHACHA;1
20/03/2023;44;LA GUAJIRA;44001;RIOHACHA;1
23/03/2023;11;BOGOTÁ D.C.;11001;BOGOTA, D.C.;1
27/03/2023;20;CESAR;20238;EL COPEY;1
28/03/2023;11;BOGOTÁ D.C.;11001;BOGOTA, D.C.;1
29/03/2023;8;ATLÁNTICO;8001;BARRANQUILLA;1
30/03/2023;11;BOGOTÁ D.C.;11001;BOGOTA, D.C.;1
30/03/2023;19;CAUCA;19513;PADILLA;1
31/03/2023;8;ATLÁNTICO;8001;BARRANQUILLA;1
5/04/2023;8;ATLÁNTICO;8001;BARRANQUILLA;1
6/04/2023;76;VALLE DEL CAUCA;76001;CALI;1
11/04/2023;47;MAGDALENA;47001;SANTA MARTA;1
18/04/2023;8;ATLÁNTICO;8001;BARRANQUILLA;1
1/05/2023;70;SUCRE;70215;COROZAL;1
8/05/2023;66;RISARALDA;66001;PEREIRA;1
9/05/2023;25;CUNDINAMARCA;25290;FUSAGASUGA;1
11/05/2023;8;ATLÁNTICO;8001;BARRANQUILLA;1
27/05/2023;76;VALLE DEL CAUCA;76130;CANDELARIA;1
5/06/2023;76;VALLE DEL CAUCA;76130;CANDELARIA;1
